"","tips","mm","dt.tm","Unit_ID","Rank","cat","Unit_ID","Installati","Lat","Long","elevation","slope","aspect","x","y","z","coords.x1","coords.x2"
"654",10.94,280.064,2014-07-31,"TBRG 013",1,13,"TBRG 013","26/08/2012",14.43881,74.69273,528,32.36462,270.0647,466881.464088716,1596279.54264748,0,466881.464088716,1596279.54264748
"312",9.45,241.92,2013-07-04,"TBRG 013",2,13,"TBRG 013","26/08/2012",14.43881,74.69273,528,32.36462,270.0647,466881.464088716,1596279.54264748,0,466881.464088716,1596279.54264748
"969",8.88,227.328,2015-07-20,"TBRG 013",3,13,"TBRG 013","26/08/2012",14.43881,74.69273,528,32.36462,270.0647,466881.464088716,1596279.54264748,0,466881.464088716,1596279.54264748
"940",8.53,218.368,2015-06-21,"TBRG 013",4,13,"TBRG 013","26/08/2012",14.43881,74.69273,528,32.36462,270.0647,466881.464088716,1596279.54264748,0,466881.464088716,1596279.54264748
"311",7.65,195.84,2013-07-03,"TBRG 013",5,13,"TBRG 013","26/08/2012",14.43881,74.69273,528,32.36462,270.0647,466881.464088716,1596279.54264748,0,466881.464088716,1596279.54264748
"639",7.65,195.84,2014-07-16,"TBRG 013",6,13,"TBRG 013","26/08/2012",14.43881,74.69273,528,32.36462,270.0647,466881.464088716,1596279.54264748,0,466881.464088716,1596279.54264748
"637",7.62,195.072,2014-07-14,"TBRG 013",7,13,"TBRG 013","26/08/2012",14.43881,74.69273,528,32.36462,270.0647,466881.464088716,1596279.54264748,0,466881.464088716,1596279.54264748
"335",7.06,180.736,2013-07-27,"TBRG 013",8,13,"TBRG 013","26/08/2012",14.43881,74.69273,528,32.36462,270.0647,466881.464088716,1596279.54264748,0,466881.464088716,1596279.54264748
"713",11.56,299.0572,2014-07-31,"TBRG 001",1,1,"TBRG 001","17/08/2012",14.44696,74.69143,518,10.05108,154.8148,466742.555570567,1597181.12481595,0,466742.555570567,1597181.12481595
"321",8.41,217.5667,2013-07-04,"TBRG 001",2,1,"TBRG 001","17/08/2012",14.44696,74.69143,518,10.05108,154.8148,466742.555570567,1597181.12481595,0,466742.555570567,1597181.12481595
"1067",8.54,220.9298,2015-07-20,"TBRG 001",3,1,"TBRG 001","17/08/2012",14.44696,74.69143,518,10.05108,154.8148,466742.555570567,1597181.12481595,0,466742.555570567,1597181.12481595
"1038",6.92,179.0204,2015-06-21,"TBRG 001",4,1,"TBRG 001","17/08/2012",14.44696,74.69143,518,10.05108,154.8148,466742.555570567,1597181.12481595,0,466742.555570567,1597181.12481595
"320",7.53,194.8011,2013-07-03,"TBRG 001",5,1,"TBRG 001","17/08/2012",14.44696,74.69143,518,10.05108,154.8148,466742.555570567,1597181.12481595,0,466742.555570567,1597181.12481595
"698",6.92,179.0204,2014-07-16,"TBRG 001",6,1,"TBRG 001","17/08/2012",14.44696,74.69143,518,10.05108,154.8148,466742.555570567,1597181.12481595,0,466742.555570567,1597181.12481595
"696",7.92,204.8904,2014-07-14,"TBRG 001",7,1,"TBRG 001","17/08/2012",14.44696,74.69143,518,10.05108,154.8148,466742.555570567,1597181.12481595,0,466742.555570567,1597181.12481595
"344",2.82,72.9534,2013-07-27,"TBRG 001",8,1,"TBRG 001","17/08/2012",14.44696,74.69143,518,10.05108,154.8148,466742.555570567,1597181.12481595,0,466742.555570567,1597181.12481595
"680",12.9,327.015,2014-07-31,"TBRG 002",1,2,"TBRG 002","18/08/2012",14.46895,74.69709,550,4.299336,220.516,467355.801488634,1599612.4205179,0,467355.801488634,1599612.4205179
"3121",8.23,208.6305,2013-07-04,"TBRG 002",2,2,"TBRG 002","18/08/2012",14.46895,74.69709,550,4.299336,220.516,467355.801488634,1599612.4205179,0,467355.801488634,1599612.4205179
"994",8.55,216.7425,2015-07-20,"TBRG 002",3,2,"TBRG 002","18/08/2012",14.46895,74.69709,550,4.299336,220.516,467355.801488634,1599612.4205179,0,467355.801488634,1599612.4205179
"965",6.78,171.873,2015-06-21,"TBRG 002",4,2,"TBRG 002","18/08/2012",14.46895,74.69709,550,4.299336,220.516,467355.801488634,1599612.4205179,0,467355.801488634,1599612.4205179
"3111",7.05,178.7175,2013-07-03,"TBRG 002",5,2,"TBRG 002","18/08/2012",14.46895,74.69709,550,4.299336,220.516,467355.801488634,1599612.4205179,0,467355.801488634,1599612.4205179
"665",6.88,174.408,2014-07-16,"TBRG 002",6,2,"TBRG 002","18/08/2012",14.46895,74.69709,550,4.299336,220.516,467355.801488634,1599612.4205179,0,467355.801488634,1599612.4205179
"663",7.46,189.111,2014-07-14,"TBRG 002",7,2,"TBRG 002","18/08/2012",14.46895,74.69709,550,4.299336,220.516,467355.801488634,1599612.4205179,0,467355.801488634,1599612.4205179
"3351",5.47,138.6645,2013-07-27,"TBRG 002",8,2,"TBRG 002","18/08/2012",14.46895,74.69709,550,4.299336,220.516,467355.801488634,1599612.4205179,0,467355.801488634,1599612.4205179
"712",9.61,259.2778,2014-07-31,"TBRG 003",1,3,"TBRG 003","18/08/2012",14.47904,74.7575,513,1.430697,188.753,473867.324028879,1600720.63521621,0,473867.324028879,1600720.63521621
"3201",6.57,177.2586,2013-07-04,"TBRG 003",2,3,"TBRG 003","18/08/2012",14.47904,74.7575,513,1.430697,188.753,473867.324028879,1600720.63521621,0,473867.324028879,1600720.63521621
"1066",2.74,73.9252,2015-07-20,"TBRG 003",3,3,"TBRG 003","18/08/2012",14.47904,74.7575,513,1.430697,188.753,473867.324028879,1600720.63521621,0,473867.324028879,1600720.63521621
"1037",6.94,187.2412,2015-06-21,"TBRG 003",4,3,"TBRG 003","18/08/2012",14.47904,74.7575,513,1.430697,188.753,473867.324028879,1600720.63521621,0,473867.324028879,1600720.63521621
"319",5.94,160.2612,2013-07-03,"TBRG 003",5,3,"TBRG 003","18/08/2012",14.47904,74.7575,513,1.430697,188.753,473867.324028879,1600720.63521621,0,473867.324028879,1600720.63521621
"697",6.41,172.9418,2014-07-16,"TBRG 003",6,3,"TBRG 003","18/08/2012",14.47904,74.7575,513,1.430697,188.753,473867.324028879,1600720.63521621,0,473867.324028879,1600720.63521621
"695",5.7,153.786,2014-07-14,"TBRG 003",7,3,"TBRG 003","18/08/2012",14.47904,74.7575,513,1.430697,188.753,473867.324028879,1600720.63521621,0,473867.324028879,1600720.63521621
"343",3.97,107.1106,2013-07-27,"TBRG 003",8,3,"TBRG 003","18/08/2012",14.47904,74.7575,513,1.430697,188.753,473867.324028879,1600720.63521621,0,473867.324028879,1600720.63521621
"709",8.66,226.459,2014-07-31,"TBRG 004",1,4,"TBRG 004","18/08/2012",14.42989,74.69007,540,2.167313,137.1215,466593.428126206,1595293.371479,0,466593.428126206,1595293.371479
"317",9.41,246.0715,2013-07-04,"TBRG 004",2,4,"TBRG 004","18/08/2012",14.42989,74.69007,540,2.167313,137.1215,466593.428126206,1595293.371479,0,466593.428126206,1595293.371479
"1063",7.64,199.786,2015-07-20,"TBRG 004",3,4,"TBRG 004","18/08/2012",14.42989,74.69007,540,2.167313,137.1215,466593.428126206,1595293.371479,0,466593.428126206,1595293.371479
"1034",6.6,172.59,2015-06-21,"TBRG 004",4,4,"TBRG 004","18/08/2012",14.42989,74.69007,540,2.167313,137.1215,466593.428126206,1595293.371479,0,466593.428126206,1595293.371479
"316",7.31,191.1565,2013-07-03,"TBRG 004",5,4,"TBRG 004","18/08/2012",14.42989,74.69007,540,2.167313,137.1215,466593.428126206,1595293.371479,0,466593.428126206,1595293.371479
"694",7.67,200.5705,2014-07-16,"TBRG 004",6,4,"TBRG 004","18/08/2012",14.42989,74.69007,540,2.167313,137.1215,466593.428126206,1595293.371479,0,466593.428126206,1595293.371479
"692",6.63,173.3745,2014-07-14,"TBRG 004",7,4,"TBRG 004","18/08/2012",14.42989,74.69007,540,2.167313,137.1215,466593.428126206,1595293.371479,0,466593.428126206,1595293.371479
"340",6.01,157.1615,2013-07-27,"TBRG 004",8,4,"TBRG 004","18/08/2012",14.42989,74.69007,540,2.167313,137.1215,466593.428126206,1595293.371479,0,466593.428126206,1595293.371479
"711",13.27,289.1533,2014-07-31,"TBRG 005",1,5,"TBRG 005","19/08/2012",14.45462,74.70042,531,8.230761,15.74946,467712.604404029,1598027.04196712,0,467712.604404029,1598027.04196712
"3191",9.67,210.7093,2013-07-04,"TBRG 005",2,5,"TBRG 005","19/08/2012",14.45462,74.70042,531,8.230761,15.74946,467712.604404029,1598027.04196712,0,467712.604404029,1598027.04196712
"1065",7.25,157.9775,2015-07-20,"TBRG 005",3,5,"TBRG 005","19/08/2012",14.45462,74.70042,531,8.230761,15.74946,467712.604404029,1598027.04196712,0,467712.604404029,1598027.04196712
"1036",6.54,142.5066,2015-06-21,"TBRG 005",4,5,"TBRG 005","19/08/2012",14.45462,74.70042,531,8.230761,15.74946,467712.604404029,1598027.04196712,0,467712.604404029,1598027.04196712
"318",7.4,161.246,2013-07-03,"TBRG 005",5,5,"TBRG 005","19/08/2012",14.45462,74.70042,531,8.230761,15.74946,467712.604404029,1598027.04196712,0,467712.604404029,1598027.04196712
"6961",7.77,169.3083,2014-07-16,"TBRG 005",6,5,"TBRG 005","19/08/2012",14.45462,74.70042,531,8.230761,15.74946,467712.604404029,1598027.04196712,0,467712.604404029,1598027.04196712
"6941",9.01,196.3279,2014-07-14,"TBRG 005",7,5,"TBRG 005","19/08/2012",14.45462,74.70042,531,8.230761,15.74946,467712.604404029,1598027.04196712,0,467712.604404029,1598027.04196712
"342",6.9,150.351,2013-07-27,"TBRG 005",8,5,"TBRG 005","19/08/2012",14.45462,74.70042,531,8.230761,15.74946,467712.604404029,1598027.04196712,0,467712.604404029,1598027.04196712
"710",10.72,280.328,2014-07-31,"TBRG 006",1,6,"TBRG 006","20/08/2012",14.44658,74.68195,545,15.81594,111.161,465720.740925008,1597140.49050806,0,465720.740925008,1597140.49050806
"3181",NA,NA,2013-07-04,"TBRG 006",2,6,"TBRG 006","20/08/2012",14.44658,74.68195,545,15.81594,111.161,465720.740925008,1597140.49050806,0,465720.740925008,1597140.49050806
"1064",7.59,198.4785,2015-07-20,"TBRG 006",3,6,"TBRG 006","20/08/2012",14.44658,74.68195,545,15.81594,111.161,465720.740925008,1597140.49050806,0,465720.740925008,1597140.49050806
"1035",6.18,161.607,2015-06-21,"TBRG 006",4,6,"TBRG 006","20/08/2012",14.44658,74.68195,545,15.81594,111.161,465720.740925008,1597140.49050806,0,465720.740925008,1597140.49050806
"3171",NA,NA,2013-07-03,"TBRG 006",5,6,"TBRG 006","20/08/2012",14.44658,74.68195,545,15.81594,111.161,465720.740925008,1597140.49050806,0,465720.740925008,1597140.49050806
"6951",6.53,170.7595,2014-07-16,"TBRG 006",6,6,"TBRG 006","20/08/2012",14.44658,74.68195,545,15.81594,111.161,465720.740925008,1597140.49050806,0,465720.740925008,1597140.49050806
"693",6.86,179.389,2014-07-14,"TBRG 006",7,6,"TBRG 006","20/08/2012",14.44658,74.68195,545,15.81594,111.161,465720.740925008,1597140.49050806,0,465720.740925008,1597140.49050806
"341",4.95,129.4425,2013-07-27,"TBRG 006",8,6,"TBRG 006","20/08/2012",14.44658,74.68195,545,15.81594,111.161,465720.740925008,1597140.49050806,0,465720.740925008,1597140.49050806
"7111",11.57,305.7951,2014-07-31,"TBRG 007",1,7,"TBRG 007","19/08/2012",14.47729,74.66662,600,37.91584,169.8405,464073.401292532,1600539.38914982,0,464073.401292532,1600539.38914982
"3192",7.02,185.5386,2013-07-04,"TBRG 007",2,7,"TBRG 007","19/08/2012",14.47729,74.66662,600,37.91584,169.8405,464073.401292532,1600539.38914982,0,464073.401292532,1600539.38914982
"10651",6.87,181.5741,2015-07-20,"TBRG 007",3,7,"TBRG 007","19/08/2012",14.47729,74.66662,600,37.91584,169.8405,464073.401292532,1600539.38914982,0,464073.401292532,1600539.38914982
"10361",6.45,170.4735,2015-06-21,"TBRG 007",4,7,"TBRG 007","19/08/2012",14.47729,74.66662,600,37.91584,169.8405,464073.401292532,1600539.38914982,0,464073.401292532,1600539.38914982
"3182",7.26,191.8818,2013-07-03,"TBRG 007",5,7,"TBRG 007","19/08/2012",14.47729,74.66662,600,37.91584,169.8405,464073.401292532,1600539.38914982,0,464073.401292532,1600539.38914982
"6962",5.79,153.0297,2014-07-16,"TBRG 007",6,7,"TBRG 007","19/08/2012",14.47729,74.66662,600,37.91584,169.8405,464073.401292532,1600539.38914982,0,464073.401292532,1600539.38914982
"6942",6.4,169.152,2014-07-14,"TBRG 007",7,7,"TBRG 007","19/08/2012",14.47729,74.66662,600,37.91584,169.8405,464073.401292532,1600539.38914982,0,464073.401292532,1600539.38914982
"3421",5.14,135.8502,2013-07-27,"TBRG 007",8,7,"TBRG 007","19/08/2012",14.47729,74.66662,600,37.91584,169.8405,464073.401292532,1600539.38914982,0,464073.401292532,1600539.38914982
"688",5.94,158.598,2014-07-31,"TBRG 008",1,8,"TBRG 008","20/08/2012",14.48196,74.69766,552,8.040162,165.3301,467419.128098341,1601051.25570349,0,467419.128098341,1601051.25570349
"3183",7.56,201.852,2013-07-04,"TBRG 008",2,8,"TBRG 008","20/08/2012",14.48196,74.69766,552,8.040162,165.3301,467419.128098341,1601051.25570349,0,467419.128098341,1601051.25570349
"1042",5.11,136.437,2015-07-20,"TBRG 008",3,8,"TBRG 008","20/08/2012",14.48196,74.69766,552,8.040162,165.3301,467419.128098341,1601051.25570349,0,467419.128098341,1601051.25570349
"1013",6.89,183.963,2015-06-21,"TBRG 008",4,8,"TBRG 008","20/08/2012",14.48196,74.69766,552,8.040162,165.3301,467419.128098341,1601051.25570349,0,467419.128098341,1601051.25570349
"3172",7.43,198.381,2013-07-03,"TBRG 008",5,8,"TBRG 008","20/08/2012",14.48196,74.69766,552,8.040162,165.3301,467419.128098341,1601051.25570349,0,467419.128098341,1601051.25570349
"NA",NA,NA,NA,"TBRG 008",6,8,"TBRG 008","20/08/2012",14.48196,74.69766,552,8.040162,165.3301,467419.128098341,1601051.25570349,0,467419.128098341,1601051.25570349
"NA.1",NA,NA,NA,"TBRG 008",7,8,"TBRG 008","20/08/2012",14.48196,74.69766,552,8.040162,165.3301,467419.128098341,1601051.25570349,0,467419.128098341,1601051.25570349
"3411",5.3,141.51,2013-07-27,"TBRG 008",8,8,"TBRG 008","20/08/2012",14.48196,74.69766,552,8.040162,165.3301,467419.128098341,1601051.25570349,0,467419.128098341,1601051.25570349
"706",8,194.88,2014-07-31,"TBRG 009",1,9,"TBRG 009","24/08/2012",14.41778,74.74668,523,35.79866,189.4619,472693.840953404,1593946.53262739,0,472693.840953404,1593946.53262739
"314",10.1,246.036,2013-07-04,"TBRG 009",2,9,"TBRG 009","24/08/2012",14.41778,74.74668,523,35.79866,189.4619,472693.840953404,1593946.53262739,0,472693.840953404,1593946.53262739
"1050",8.09,197.0724,2015-07-20,"TBRG 009",3,9,"TBRG 009","24/08/2012",14.41778,74.74668,523,35.79866,189.4619,472693.840953404,1593946.53262739,0,472693.840953404,1593946.53262739
"NA1",NA,NA,NA,"TBRG 009",4,9,"TBRG 009","24/08/2012",14.41778,74.74668,523,35.79866,189.4619,472693.840953404,1593946.53262739,0,472693.840953404,1593946.53262739
"313",7.42,180.7512,2013-07-03,"TBRG 009",5,9,"TBRG 009","24/08/2012",14.41778,74.74668,523,35.79866,189.4619,472693.840953404,1593946.53262739,0,472693.840953404,1593946.53262739
"691",6.45,157.122,2014-07-16,"TBRG 009",6,9,"TBRG 009","24/08/2012",14.41778,74.74668,523,35.79866,189.4619,472693.840953404,1593946.53262739,0,472693.840953404,1593946.53262739
"689",6.23,151.7628,2014-07-14,"TBRG 009",7,9,"TBRG 009","24/08/2012",14.41778,74.74668,523,35.79866,189.4619,472693.840953404,1593946.53262739,0,472693.840953404,1593946.53262739
"337",5.78,140.8008,2013-07-27,"TBRG 009",8,9,"TBRG 009","24/08/2012",14.41778,74.74668,523,35.79866,189.4619,472693.840953404,1593946.53262739,0,472693.840953404,1593946.53262739
"7061",11.1,267.621,2014-07-31,"TBRG 010",1,10,"TBRG 010","24/08/2012",14.48399,74.75495,528,10.16504,311.4682,473593.110885984,1601268.39942146,0,473593.110885984,1601268.39942146
"3141",7.03,169.4933,2013-07-04,"TBRG 010",2,10,"TBRG 010","24/08/2012",14.48399,74.75495,528,10.16504,311.4682,473593.110885984,1601268.39942146,0,473593.110885984,1601268.39942146
"1060",2.59,62.4449,2015-07-20,"TBRG 010",3,10,"TBRG 010","24/08/2012",14.48399,74.75495,528,10.16504,311.4682,473593.110885984,1601268.39942146,0,473593.110885984,1601268.39942146
"1031",7.04,169.7344,2015-06-21,"TBRG 010",4,10,"TBRG 010","24/08/2012",14.48399,74.75495,528,10.16504,311.4682,473593.110885984,1601268.39942146,0,473593.110885984,1601268.39942146
"3131",6.98,168.2878,2013-07-03,"TBRG 010",5,10,"TBRG 010","24/08/2012",14.48399,74.75495,528,10.16504,311.4682,473593.110885984,1601268.39942146,0,473593.110885984,1601268.39942146
"6911",6.89,166.1179,2014-07-16,"TBRG 010",6,10,"TBRG 010","24/08/2012",14.48399,74.75495,528,10.16504,311.4682,473593.110885984,1601268.39942146,0,473593.110885984,1601268.39942146
"6891",5.93,142.9723,2014-07-14,"TBRG 010",7,10,"TBRG 010","24/08/2012",14.48399,74.75495,528,10.16504,311.4682,473593.110885984,1601268.39942146,0,473593.110885984,1601268.39942146
"3371",4.81,115.9691,2013-07-27,"TBRG 010",8,10,"TBRG 010","24/08/2012",14.48399,74.75495,528,10.16504,311.4682,473593.110885984,1601268.39942146,0,473593.110885984,1601268.39942146
"6952",11.67,305.1705,2014-07-31,"TBRG 011",1,11,"TBRG 011","23/08/2012",14.45521,74.69583,517,19.88088,324.3355,467217.997094571,1598092.94692607,0,467217.997094571,1598092.94692607
"315",8.38,219.137,2013-07-04,"TBRG 011",2,11,"TBRG 011","23/08/2012",14.45521,74.69583,517,19.88088,324.3355,467217.997094571,1598092.94692607,0,467217.997094571,1598092.94692607
"1049",7.51,196.3865,2015-07-20,"TBRG 011",3,11,"TBRG 011","23/08/2012",14.45521,74.69583,517,19.88088,324.3355,467217.997094571,1598092.94692607,0,467217.997094571,1598092.94692607
"1020",6.48,169.452,2015-06-21,"TBRG 011",4,11,"TBRG 011","23/08/2012",14.45521,74.69583,517,19.88088,324.3355,467217.997094571,1598092.94692607,0,467217.997094571,1598092.94692607
"3142",6.96,182.004,2013-07-03,"TBRG 011",5,11,"TBRG 011","23/08/2012",14.45521,74.69583,517,19.88088,324.3355,467217.997094571,1598092.94692607,0,467217.997094571,1598092.94692607
"NA2",NA,NA,NA,"TBRG 011",6,11,"TBRG 011","23/08/2012",14.45521,74.69583,517,19.88088,324.3355,467217.997094571,1598092.94692607,0,467217.997094571,1598092.94692607
"679",7.47,195.3405,2014-07-14,"TBRG 011",7,11,"TBRG 011","23/08/2012",14.45521,74.69583,517,19.88088,324.3355,467217.997094571,1598092.94692607,0,467217.997094571,1598092.94692607
"338",5.8,151.67,2013-07-27,"TBRG 011",8,11,"TBRG 011","23/08/2012",14.45521,74.69583,517,19.88088,324.3355,467217.997094571,1598092.94692607,0,467217.997094571,1598092.94692607
"704",11.49,257.0313,2014-07-31,"TBRG 012",1,12,"TBRG 012","26/08/2012",14.44241,74.70259,533,11.94493,93.30605,467944.730147989,1596676.30582021,0,467944.730147989,1596676.30582021
"3122",9.95,222.5815,2013-07-04,"TBRG 012",2,12,"TBRG 012","26/08/2012",14.44241,74.70259,533,11.94493,93.30605,467944.730147989,1596676.30582021,0,467944.730147989,1596676.30582021
"10421",9.18,205.3566,2015-07-20,"TBRG 012",3,12,"TBRG 012","26/08/2012",14.44241,74.70259,533,11.94493,93.30605,467944.730147989,1596676.30582021,0,467944.730147989,1596676.30582021
"10131",7.73,172.9201,2015-06-21,"TBRG 012",4,12,"TBRG 012","26/08/2012",14.44241,74.70259,533,11.94493,93.30605,467944.730147989,1596676.30582021,0,467944.730147989,1596676.30582021
"3112",7.91,176.9467,2013-07-03,"TBRG 012",5,12,"TBRG 012","26/08/2012",14.44241,74.70259,533,11.94493,93.30605,467944.730147989,1596676.30582021,0,467944.730147989,1596676.30582021
"6892",7.61,170.2357,2014-07-16,"TBRG 012",6,12,"TBRG 012","26/08/2012",14.44241,74.70259,533,11.94493,93.30605,467944.730147989,1596676.30582021,0,467944.730147989,1596676.30582021
"687",8.98,200.8826,2014-07-14,"TBRG 012",7,12,"TBRG 012","26/08/2012",14.44241,74.70259,533,11.94493,93.30605,467944.730147989,1596676.30582021,0,467944.730147989,1596676.30582021
"3352",6.87,153.6819,2013-07-27,"TBRG 012",8,12,"TBRG 012","26/08/2012",14.44241,74.70259,533,11.94493,93.30605,467944.730147989,1596676.30582021,0,467944.730147989,1596676.30582021
"7041",12.38,260.599,2014-07-31,"TBRG 014",1,14,"TBRG 014","15/09/2012",14.44063,74.68795,516,1.401188,17.75268,466366.529438034,1596481.52994209,0,466366.529438034,1596481.52994209
"3123",10.38,218.499,2013-07-04,"TBRG 014",2,14,"TBRG 014","15/09/2012",14.44063,74.68795,516,1.401188,17.75268,466366.529438034,1596481.52994209,0,466366.529438034,1596481.52994209
"1055",7.89,166.0845,2015-07-20,"TBRG 014",3,14,"TBRG 014","15/09/2012",14.44063,74.68795,516,1.401188,17.75268,466366.529438034,1596481.52994209,0,466366.529438034,1596481.52994209
"1026",6.33,133.2465,2015-06-21,"TBRG 014",4,14,"TBRG 014","15/09/2012",14.44063,74.68795,516,1.401188,17.75268,466366.529438034,1596481.52994209,0,466366.529438034,1596481.52994209
"3113",8.55,179.9775,2013-07-03,"TBRG 014",5,14,"TBRG 014","15/09/2012",14.44063,74.68795,516,1.401188,17.75268,466366.529438034,1596481.52994209,0,466366.529438034,1596481.52994209
"6893",8.11,170.7155,2014-07-16,"TBRG 014",6,14,"TBRG 014","15/09/2012",14.44063,74.68795,516,1.401188,17.75268,466366.529438034,1596481.52994209,0,466366.529438034,1596481.52994209
"6871",8.59,180.8195,2014-07-14,"TBRG 014",7,14,"TBRG 014","15/09/2012",14.44063,74.68795,516,1.401188,17.75268,466366.529438034,1596481.52994209,0,466366.529438034,1596481.52994209
"3353",7.6,159.98,2013-07-27,"TBRG 014",8,14,"TBRG 014","15/09/2012",14.44063,74.68795,516,1.401188,17.75268,466366.529438034,1596481.52994209,0,466366.529438034,1596481.52994209
"677",11.16,295.5168,2014-07-31,"TBRG 015",1,15,"TBRG 015","28/08/2012",14.49714,74.69141,586,1.909112,195.9165,466747.870164517,1602731.07650537,0,466747.870164517,1602731.07650537
"296",7.76,205.4848,2013-07-04,"TBRG 015",2,15,"TBRG 015","28/08/2012",14.49714,74.69141,586,1.909112,195.9165,466747.870164517,1602731.07650537,0,466747.870164517,1602731.07650537
"10311",4.28,113.3344,2015-07-20,"TBRG 015",3,15,"TBRG 015","28/08/2012",14.49714,74.69141,586,1.909112,195.9165,466747.870164517,1602731.07650537,0,466747.870164517,1602731.07650537
"1002",6.88,182.1824,2015-06-21,"TBRG 015",4,15,"TBRG 015","28/08/2012",14.49714,74.69141,586,1.909112,195.9165,466747.870164517,1602731.07650537,0,466747.870164517,1602731.07650537
"295",8.79,232.7592,2013-07-03,"TBRG 015",5,15,"TBRG 015","28/08/2012",14.49714,74.69141,586,1.909112,195.9165,466747.870164517,1602731.07650537,0,466747.870164517,1602731.07650537
"662",5.9,156.232,2014-07-16,"TBRG 015",6,15,"TBRG 015","28/08/2012",14.49714,74.69141,586,1.909112,195.9165,466747.870164517,1602731.07650537,0,466747.870164517,1602731.07650537
"660",6.56,173.7088,2014-07-14,"TBRG 015",7,15,"TBRG 015","28/08/2012",14.49714,74.69141,586,1.909112,195.9165,466747.870164517,1602731.07650537,0,466747.870164517,1602731.07650537
"3193",5.19,137.4312,2013-07-27,"TBRG 015",8,15,"TBRG 015","28/08/2012",14.49714,74.69141,586,1.909112,195.9165,466747.870164517,1602731.07650537,0,466747.870164517,1602731.07650537
"703",11.42,280.7036,2014-07-31,"TBRG 016",1,16,"TBRG 016","27/08/2012",14.48682,74.68964,545,0.6356081,41.67104,466555.594878677,1601589.93191481,0,466555.594878677,1601589.93191481
"3114",7.78,191.2324,2013-07-04,"TBRG 016",2,16,"TBRG 016","27/08/2012",14.48682,74.68964,545,0.6356081,41.67104,466555.594878677,1601589.93191481,0,466555.594878677,1601589.93191481
"1040",5.27,129.5366,2015-07-20,"TBRG 016",3,16,"TBRG 016","27/08/2012",14.48682,74.68964,545,0.6356081,41.67104,466555.594878677,1601589.93191481,0,466555.594878677,1601589.93191481
"1011",3.23,79.3934,2015-06-21,"TBRG 016",4,16,"TBRG 016","27/08/2012",14.48682,74.68964,545,0.6356081,41.67104,466555.594878677,1601589.93191481,0,466555.594878677,1601589.93191481
"310",7.55,185.579,2013-07-03,"TBRG 016",5,16,"TBRG 016","27/08/2012",14.48682,74.68964,545,0.6356081,41.67104,466555.594878677,1601589.93191481,0,466555.594878677,1601589.93191481
"6881",5.92,145.5136,2014-07-16,"TBRG 016",6,16,"TBRG 016","27/08/2012",14.48682,74.68964,545,0.6356081,41.67104,466555.594878677,1601589.93191481,0,466555.594878677,1601589.93191481
"686",6.24,153.3792,2014-07-14,"TBRG 016",7,16,"TBRG 016","27/08/2012",14.48682,74.68964,545,0.6356081,41.67104,466555.594878677,1601589.93191481,0,466555.594878677,1601589.93191481
"334",5.13,126.0954,2013-07-27,"TBRG 016",8,16,"TBRG 016","27/08/2012",14.48682,74.68964,545,0.6356081,41.67104,466555.594878677,1601589.93191481,0,466555.594878677,1601589.93191481
"7031",13.77,338.4666,2014-07-31,"TBRG 017",1,17,"TBRG 017","15/09/2012",14.46388,74.69357,532,7.51565,347.4535,466975.703518398,1599052.17877313,0,466975.703518398,1599052.17877313
"3115",8.69,213.6002,2013-07-04,"TBRG 017",2,17,"TBRG 017","15/09/2012",14.46388,74.69357,532,7.51565,347.4535,466975.703518398,1599052.17877313,0,466975.703518398,1599052.17877313
"10341",8.21,201.8018,2015-07-20,"TBRG 017",3,17,"TBRG 017","15/09/2012",14.46388,74.69357,532,7.51565,347.4535,466975.703518398,1599052.17877313,0,466975.703518398,1599052.17877313
"1005",7.42,182.3836,2015-06-21,"TBRG 017",4,17,"TBRG 017","15/09/2012",14.46388,74.69357,532,7.51565,347.4535,466975.703518398,1599052.17877313,0,466975.703518398,1599052.17877313
"3101",7.33,180.1714,2013-07-03,"TBRG 017",5,17,"TBRG 017","15/09/2012",14.46388,74.69357,532,7.51565,347.4535,466975.703518398,1599052.17877313,0,466975.703518398,1599052.17877313
"6882",7.23,177.7134,2014-07-16,"TBRG 017",6,17,"TBRG 017","15/09/2012",14.46388,74.69357,532,7.51565,347.4535,466975.703518398,1599052.17877313,0,466975.703518398,1599052.17877313
"6861",8.01,196.8858,2014-07-14,"TBRG 017",7,17,"TBRG 017","15/09/2012",14.46388,74.69357,532,7.51565,347.4535,466975.703518398,1599052.17877313,0,466975.703518398,1599052.17877313
"3341",5.66,139.1228,2013-07-27,"TBRG 017",8,17,"TBRG 017","15/09/2012",14.46388,74.69357,532,7.51565,347.4535,466975.703518398,1599052.17877313,0,466975.703518398,1599052.17877313
"7032",10.39,255.3862,2014-07-31,"TBRG 018",1,18,"TBRG 018","27/08/2012",14.43657,74.7014,549,7.416885,237.4595,467815.629857107,1596030.56575902,0,467815.629857107,1596030.56575902
"3116",10.15,249.487,2013-07-04,"TBRG 018",2,18,"TBRG 018","27/08/2012",14.43657,74.7014,549,7.416885,237.4595,467815.629857107,1596030.56575902,0,467815.629857107,1596030.56575902
"997",8.37,205.7346,2015-07-20,"TBRG 018",3,18,"TBRG 018","27/08/2012",14.43657,74.7014,549,7.416885,237.4595,467815.629857107,1596030.56575902,0,467815.629857107,1596030.56575902
"968",7.1,174.518,2015-06-21,"TBRG 018",4,18,"TBRG 018","27/08/2012",14.43657,74.7014,549,7.416885,237.4595,467815.629857107,1596030.56575902,0,467815.629857107,1596030.56575902
"3102",7.88,193.6904,2013-07-03,"TBRG 018",5,18,"TBRG 018","27/08/2012",14.43657,74.7014,549,7.416885,237.4595,467815.629857107,1596030.56575902,0,467815.629857107,1596030.56575902
"6883",7.81,191.9698,2014-07-16,"TBRG 018",6,18,"TBRG 018","27/08/2012",14.43657,74.7014,549,7.416885,237.4595,467815.629857107,1596030.56575902,0,467815.629857107,1596030.56575902
"6862",8.1,199.098,2014-07-14,"TBRG 018",7,18,"TBRG 018","27/08/2012",14.43657,74.7014,549,7.416885,237.4595,467815.629857107,1596030.56575902,0,467815.629857107,1596030.56575902
"3342",7.24,177.9592,2013-07-27,"TBRG 018",8,18,"TBRG 018","27/08/2012",14.43657,74.7014,549,7.416885,237.4595,467815.629857107,1596030.56575902,0,467815.629857107,1596030.56575902
"7033",9.52,234.192,2014-07-31,"TBRG 019",1,19,"TBRG 019","27/08/2012",14.43146,74.6837,534,31.65835,130.3167,465907.054718903,1595467.94931472,0,465907.054718903,1595467.94931472
"3117",9.46,232.716,2013-07-04,"TBRG 019",2,19,"TBRG 019","27/08/2012",14.43146,74.6837,534,31.65835,130.3167,465907.054718903,1595467.94931472,0,465907.054718903,1595467.94931472
"1057",7.4,182.04,2015-07-20,"TBRG 019",3,19,"TBRG 019","27/08/2012",14.43146,74.6837,534,31.65835,130.3167,465907.054718903,1595467.94931472,0,465907.054718903,1595467.94931472
"1028",6.37,156.702,2015-06-21,"TBRG 019",4,19,"TBRG 019","27/08/2012",14.43146,74.6837,534,31.65835,130.3167,465907.054718903,1595467.94931472,0,465907.054718903,1595467.94931472
"3103",7.56,185.976,2013-07-03,"TBRG 019",5,19,"TBRG 019","27/08/2012",14.43146,74.6837,534,31.65835,130.3167,465907.054718903,1595467.94931472,0,465907.054718903,1595467.94931472
"6884",NA,NA,2014-07-16,"TBRG 019",6,19,"TBRG 019","27/08/2012",14.43146,74.6837,534,31.65835,130.3167,465907.054718903,1595467.94931472,0,465907.054718903,1595467.94931472
"6863",NA,NA,2014-07-14,"TBRG 019",7,19,"TBRG 019","27/08/2012",14.43146,74.6837,534,31.65835,130.3167,465907.054718903,1595467.94931472,0,465907.054718903,1595467.94931472
"3343",6.75,166.05,2013-07-27,"TBRG 019",8,19,"TBRG 019","27/08/2012",14.43146,74.6837,534,31.65835,130.3167,465907.054718903,1595467.94931472,0,465907.054718903,1595467.94931472
"7034",10.69,273.664,2014-07-31,"TBRG 020",1,20,"TBRG 020","27/08/2012",14.49455,74.67202,579,11.39754,342.6994,464658.069851722,1602447.52493234,0,464658.069851722,1602447.52493234
"3118",7.84,200.704,2013-07-04,"TBRG 020",2,20,"TBRG 020","27/08/2012",14.49455,74.67202,579,11.39754,342.6994,464658.069851722,1602447.52493234,0,464658.069851722,1602447.52493234
"10312",5.19,132.864,2015-07-20,"TBRG 020",3,20,"TBRG 020","27/08/2012",14.49455,74.67202,579,11.39754,342.6994,464658.069851722,1602447.52493234,0,464658.069851722,1602447.52493234
"10021",7.04,180.224,2015-06-21,"TBRG 020",4,20,"TBRG 020","27/08/2012",14.49455,74.67202,579,11.39754,342.6994,464658.069851722,1602447.52493234,0,464658.069851722,1602447.52493234
"3104",7.85,200.96,2013-07-03,"TBRG 020",5,20,"TBRG 020","27/08/2012",14.49455,74.67202,579,11.39754,342.6994,464658.069851722,1602447.52493234,0,464658.069851722,1602447.52493234
"6885",5.49,140.544,2014-07-16,"TBRG 020",6,20,"TBRG 020","27/08/2012",14.49455,74.67202,579,11.39754,342.6994,464658.069851722,1602447.52493234,0,464658.069851722,1602447.52493234
"6864",5.98,153.088,2014-07-14,"TBRG 020",7,20,"TBRG 020","27/08/2012",14.49455,74.67202,579,11.39754,342.6994,464658.069851722,1602447.52493234,0,464658.069851722,1602447.52493234
"3344",4.88,124.928,2013-07-27,"TBRG 020",8,20,"TBRG 020","27/08/2012",14.49455,74.67202,579,11.39754,342.6994,464658.069851722,1602447.52493234,0,464658.069851722,1602447.52493234
"6865",10.22,261.9386,2014-07-31,"TBRG 021",1,21,"TBRG 021","13/09/2012",14.45468,74.65605,46,2.27053,66.29234,462930.566378538,1598040.38153574,0,462930.566378538,1598040.38153574
"294",7.2,184.536,2013-07-04,"TBRG 021",2,21,"TBRG 021","13/09/2012",14.45468,74.65605,46,2.27053,66.29234,462930.566378538,1598040.38153574,0,462930.566378538,1598040.38153574
"10401",6.93,177.6159,2015-07-20,"TBRG 021",3,21,"TBRG 021","13/09/2012",14.45468,74.65605,46,2.27053,66.29234,462930.566378538,1598040.38153574,0,462930.566378538,1598040.38153574
"10111",5.43,139.1709,2015-06-21,"TBRG 021",4,21,"TBRG 021","13/09/2012",14.45468,74.65605,46,2.27053,66.29234,462930.566378538,1598040.38153574,0,462930.566378538,1598040.38153574
"293",6.26,160.4438,2013-07-03,"TBRG 021",5,21,"TBRG 021","13/09/2012",14.45468,74.65605,46,2.27053,66.29234,462930.566378538,1598040.38153574,0,462930.566378538,1598040.38153574
"671",5.63,144.2969,2014-07-16,"TBRG 021",6,21,"TBRG 021","13/09/2012",14.45468,74.65605,46,2.27053,66.29234,462930.566378538,1598040.38153574,0,462930.566378538,1598040.38153574
"669",6.07,155.5741,2014-07-14,"TBRG 021",7,21,"TBRG 021","13/09/2012",14.45468,74.65605,46,2.27053,66.29234,462930.566378538,1598040.38153574,0,462930.566378538,1598040.38153574
"3173",4.48,114.8224,2013-07-27,"TBRG 021",8,21,"TBRG 021","13/09/2012",14.45468,74.65605,46,2.27053,66.29234,462930.566378538,1598040.38153574,0,462930.566378538,1598040.38153574
"629",9.2,230.644,2014-07-31,"TBRG 022",1,22,"TBRG 022","09/11/2012",14.44299,74.73676,520,6.028746,258.4651,471627.718842245,1596735.95980966,0,471627.718842245,1596735.95980966
"237",8.67,217.3569,2013-07-04,"TBRG 022",2,22,"TBRG 022","09/11/2012",14.44299,74.73676,520,6.028746,258.4651,471627.718842245,1596735.95980966,0,471627.718842245,1596735.95980966
"983",6.81,170.7267,2015-07-20,"TBRG 022",3,22,"TBRG 022","09/11/2012",14.44299,74.73676,520,6.028746,258.4651,471627.718842245,1596735.95980966,0,471627.718842245,1596735.95980966
"954",4.33,108.5531,2015-06-21,"TBRG 022",4,22,"TBRG 022","09/11/2012",14.44299,74.73676,520,6.028746,258.4651,471627.718842245,1596735.95980966,0,471627.718842245,1596735.95980966
"236",6.69,167.7183,2013-07-03,"TBRG 022",5,22,"TBRG 022","09/11/2012",14.44299,74.73676,520,6.028746,258.4651,471627.718842245,1596735.95980966,0,471627.718842245,1596735.95980966
"614",6.22,155.9354,2014-07-16,"TBRG 022",6,22,"TBRG 022","09/11/2012",14.44299,74.73676,520,6.028746,258.4651,471627.718842245,1596735.95980966,0,471627.718842245,1596735.95980966
"612",7.97,199.8079,2014-07-14,"TBRG 022",7,22,"TBRG 022","09/11/2012",14.44299,74.73676,520,6.028746,258.4651,471627.718842245,1596735.95980966,0,471627.718842245,1596735.95980966
"260",6.13,153.6791,2013-07-27,"TBRG 022",8,22,"TBRG 022","09/11/2012",14.44299,74.73676,520,6.028746,258.4651,471627.718842245,1596735.95980966,0,471627.718842245,1596735.95980966
"672",8.71,193.1878,2014-07-31,"TBRG 023",1,23,"TBRG 023","09/11/2012",14.41452,74.68583,536,4.042332,103.8029,466134.083609292,1593594.06362313,0,466134.083609292,1593594.06362313
"280",9.81,217.5858,2013-07-04,"TBRG 023",2,23,"TBRG 023","09/11/2012",14.41452,74.68583,536,4.042332,103.8029,466134.083609292,1593594.06362313,0,466134.083609292,1593594.06362313
"NA3",NA,NA,NA,"TBRG 023",3,23,"TBRG 023","09/11/2012",14.41452,74.68583,536,4.042332,103.8029,466134.083609292,1593594.06362313,0,466134.083609292,1593594.06362313
"9971",6.37,141.2866,2015-06-21,"TBRG 023",4,23,"TBRG 023","09/11/2012",14.41452,74.68583,536,4.042332,103.8029,466134.083609292,1593594.06362313,0,466134.083609292,1593594.06362313
"279",9.19,203.8342,2013-07-03,"TBRG 023",5,23,"TBRG 023","09/11/2012",14.41452,74.68583,536,4.042332,103.8029,466134.083609292,1593594.06362313,0,466134.083609292,1593594.06362313
"657",8.79,194.9622,2014-07-16,"TBRG 023",6,23,"TBRG 023","09/11/2012",14.41452,74.68583,536,4.042332,103.8029,466134.083609292,1593594.06362313,0,466134.083609292,1593594.06362313
"655",7.66,169.8988,2014-07-14,"TBRG 023",7,23,"TBRG 023","09/11/2012",14.41452,74.68583,536,4.042332,103.8029,466134.083609292,1593594.06362313,0,466134.083609292,1593594.06362313
"303",6.61,146.6098,2013-07-27,"TBRG 023",8,23,"TBRG 023","09/11/2012",14.41452,74.68583,536,4.042332,103.8029,466134.083609292,1593594.06362313,0,466134.083609292,1593594.06362313
"685",11.5,277.265,2014-07-31,"TBRG 024",1,24,"TBRG 024","10/11/2012",14.44945,74.67399,542,14.17108,210.7765,464863.258952723,1597459.11765832,0,464863.258952723,1597459.11765832
"2931",7.51,181.0661,2013-07-04,"TBRG 024",2,24,"TBRG 024","10/11/2012",14.44945,74.67399,542,14.17108,210.7765,464863.258952723,1597459.11765832,0,464863.258952723,1597459.11765832
"1039",7.67,184.9237,2015-07-20,"TBRG 024",3,24,"TBRG 024","10/11/2012",14.44945,74.67399,542,14.17108,210.7765,464863.258952723,1597459.11765832,0,464863.258952723,1597459.11765832
"1010",6.27,151.1697,2015-06-21,"TBRG 024",4,24,"TBRG 024","10/11/2012",14.44945,74.67399,542,14.17108,210.7765,464863.258952723,1597459.11765832,0,464863.258952723,1597459.11765832
"292",6.71,161.7781,2013-07-03,"TBRG 024",5,24,"TBRG 024","10/11/2012",14.44945,74.67399,542,14.17108,210.7765,464863.258952723,1597459.11765832,0,464863.258952723,1597459.11765832
"670",6.61,159.3671,2014-07-16,"TBRG 024",6,24,"TBRG 024","10/11/2012",14.44945,74.67399,542,14.17108,210.7765,464863.258952723,1597459.11765832,0,464863.258952723,1597459.11765832
"668",7.01,169.0111,2014-07-14,"TBRG 024",7,24,"TBRG 024","10/11/2012",14.44945,74.67399,542,14.17108,210.7765,464863.258952723,1597459.11765832,0,464863.258952723,1597459.11765832
"3161",5.05,121.7555,2013-07-27,"TBRG 024",8,24,"TBRG 024","10/11/2012",14.44945,74.67399,542,14.17108,210.7765,464863.258952723,1597459.11765832,0,464863.258952723,1597459.11765832
"533",12.22,289.2474,2014-07-31,"TBRG 025",1,25,"TBRG 025","13/01/2013",14.46242,74.66976,80,22.4205,204.665,464409.417166309,1598894.26240598,0,464409.417166309,1598894.26240598
"141",7.73,182.9691,2013-07-04,"TBRG 025",2,25,"TBRG 025","13/01/2013",14.46242,74.66976,80,22.4205,204.665,464409.417166309,1598894.26240598,0,464409.417166309,1598894.26240598
"887",7.78,184.1526,2015-07-20,"TBRG 025",3,25,"TBRG 025","13/01/2013",14.46242,74.66976,80,22.4205,204.665,464409.417166309,1598894.26240598,0,464409.417166309,1598894.26240598
"858",6.27,148.4109,2015-06-21,"TBRG 025",4,25,"TBRG 025","13/01/2013",14.46242,74.66976,80,22.4205,204.665,464409.417166309,1598894.26240598,0,464409.417166309,1598894.26240598
"140",7.07,167.3469,2013-07-03,"TBRG 025",5,25,"TBRG 025","13/01/2013",14.46242,74.66976,80,22.4205,204.665,464409.417166309,1598894.26240598,0,464409.417166309,1598894.26240598
"518",6.2,146.754,2014-07-16,"TBRG 025",6,25,"TBRG 025","13/01/2013",14.46242,74.66976,80,22.4205,204.665,464409.417166309,1598894.26240598,0,464409.417166309,1598894.26240598
"516",7.94,187.9398,2014-07-14,"TBRG 025",7,25,"TBRG 025","13/01/2013",14.46242,74.66976,80,22.4205,204.665,464409.417166309,1598894.26240598,0,464409.417166309,1598894.26240598
"164",5.16,122.1372,2013-07-27,"TBRG 025",8,25,"TBRG 025","13/01/2013",14.46242,74.66976,80,22.4205,204.665,464409.417166309,1598894.26240598,0,464409.417166309,1598894.26240598
"493",7.06,184.8308,2014-07-31,"TBRG 026",1,26,"TBRG 026","25/03/2013",14.41738,74.7389,516,3.431061,341.5254,471855.155058264,1593903.23006497,0,471855.155058264,1593903.23006497
"103",9.85,257.873,2013-07-04,"TBRG 026",2,26,"TBRG 026","25/03/2013",14.41738,74.7389,516,3.431061,341.5254,471855.155058264,1593903.23006497,0,471855.155058264,1593903.23006497
"815",7.62,199.4916,2015-07-20,"TBRG 026",3,26,"TBRG 026","25/03/2013",14.41738,74.7389,516,3.431061,341.5254,471855.155058264,1593903.23006497,0,471855.155058264,1593903.23006497
"786",5.45,142.681,2015-06-21,"TBRG 026",4,26,"TBRG 026","25/03/2013",14.41738,74.7389,516,3.431061,341.5254,471855.155058264,1593903.23006497,0,471855.155058264,1593903.23006497
"102",7.3,191.114,2013-07-03,"TBRG 026",5,26,"TBRG 026","25/03/2013",14.41738,74.7389,516,3.431061,341.5254,471855.155058264,1593903.23006497,0,471855.155058264,1593903.23006497
"478",6.3,164.934,2014-07-16,"TBRG 026",6,26,"TBRG 026","25/03/2013",14.41738,74.7389,516,3.431061,341.5254,471855.155058264,1593903.23006497,0,471855.155058264,1593903.23006497
"476",5.99,156.8182,2014-07-14,"TBRG 026",7,26,"TBRG 026","25/03/2013",14.41738,74.7389,516,3.431061,341.5254,471855.155058264,1593903.23006497,0,471855.155058264,1593903.23006497
"126",5.82,152.3676,2013-07-27,"TBRG 026",8,26,"TBRG 026","25/03/2013",14.41738,74.7389,516,3.431061,341.5254,471855.155058264,1593903.23006497,0,471855.155058264,1593903.23006497
"NA4",NA,NA,NA,"TBRG 027",1,27,"TBRG 027","10/07/2015",14.46895,74.69709,550,4.299336,220.516,467355.801488634,1599612.4205179,0,467355.801488634,1599612.4205179
"NA.11",NA,NA,NA,"TBRG 027",2,27,"TBRG 027","10/07/2015",14.46895,74.69709,550,4.299336,220.516,467355.801488634,1599612.4205179,0,467355.801488634,1599612.4205179
"10",8.55,0,2015-07-20,"TBRG 027",3,27,"TBRG 027","10/07/2015",14.46895,74.69709,550,4.299336,220.516,467355.801488634,1599612.4205179,0,467355.801488634,1599612.4205179
"NA.2",NA,NA,NA,"TBRG 027",4,27,"TBRG 027","10/07/2015",14.46895,74.69709,550,4.299336,220.516,467355.801488634,1599612.4205179,0,467355.801488634,1599612.4205179
"NA.3",NA,NA,NA,"TBRG 027",5,27,"TBRG 027","10/07/2015",14.46895,74.69709,550,4.299336,220.516,467355.801488634,1599612.4205179,0,467355.801488634,1599612.4205179
"NA.4",NA,NA,NA,"TBRG 027",6,27,"TBRG 027","10/07/2015",14.46895,74.69709,550,4.299336,220.516,467355.801488634,1599612.4205179,0,467355.801488634,1599612.4205179
"NA.5",NA,NA,NA,"TBRG 027",7,27,"TBRG 027","10/07/2015",14.46895,74.69709,550,4.299336,220.516,467355.801488634,1599612.4205179,0,467355.801488634,1599612.4205179
"NA.6",NA,NA,NA,"TBRG 027",8,27,"TBRG 027","10/07/2015",14.46895,74.69709,550,4.299336,220.516,467355.801488634,1599612.4205179,0,467355.801488634,1599612.4205179
"NA5",NA,NA,NA,"TBRG 028",1,28,"TBRG 028","03/08/2015",14.44945,74.67399,542,14.17108,210.7765,464863.258952723,1597459.11765832,0,464863.258952723,1597459.11765832
"NA.12",NA,NA,NA,"TBRG 028",2,28,"TBRG 028","03/08/2015",14.44945,74.67399,542,14.17108,210.7765,464863.258952723,1597459.11765832,0,464863.258952723,1597459.11765832
"NA.21",NA,NA,NA,"TBRG 028",3,28,"TBRG 028","03/08/2015",14.44945,74.67399,542,14.17108,210.7765,464863.258952723,1597459.11765832,0,464863.258952723,1597459.11765832
"NA.31",NA,NA,NA,"TBRG 028",4,28,"TBRG 028","03/08/2015",14.44945,74.67399,542,14.17108,210.7765,464863.258952723,1597459.11765832,0,464863.258952723,1597459.11765832
"NA.41",NA,NA,NA,"TBRG 028",5,28,"TBRG 028","03/08/2015",14.44945,74.67399,542,14.17108,210.7765,464863.258952723,1597459.11765832,0,464863.258952723,1597459.11765832
"NA.51",NA,NA,NA,"TBRG 028",6,28,"TBRG 028","03/08/2015",14.44945,74.67399,542,14.17108,210.7765,464863.258952723,1597459.11765832,0,464863.258952723,1597459.11765832
"NA.61",NA,NA,NA,"TBRG 028",7,28,"TBRG 028","03/08/2015",14.44945,74.67399,542,14.17108,210.7765,464863.258952723,1597459.11765832,0,464863.258952723,1597459.11765832
"NA.7",NA,NA,NA,"TBRG 028",8,28,"TBRG 028","03/08/2015",14.44945,74.67399,542,14.17108,210.7765,464863.258952723,1597459.11765832,0,464863.258952723,1597459.11765832
