"","tips","mm","dt.tm","Unit_ID","Rank","cat","gid","Unit_ID","Lat","Long","x","y","z","location","remarks","elevation","slope","aspect","coords.x1","coords.x2"
"39",6.08,158.08,2013-08-02,"TBRG 118",1,25,26,"TBRG 118",11.279607,76.579932,672453.451536,1247361.15558,2363.73,NA,"before jockal place",2346,5.851816,272.2906,672453.451535912,1247361.15558497
"726",5.58,145.08,2015-06-20,"TBRG 118",2,25,26,"TBRG 118",11.279607,76.579932,672453.451536,1247361.15558,2363.73,NA,"before jockal place",2346,5.851816,272.2906,672453.451535912,1247361.15558497
"728",5.16,134.16,2015-06-22,"TBRG 118",3,25,26,"TBRG 118",11.279607,76.579932,672453.451536,1247361.15558,2363.73,NA,"before jockal place",2346,5.851816,272.2906,672453.451535912,1247361.15558497
"729",4.84,125.84,2015-06-23,"TBRG 118",4,25,26,"TBRG 118",11.279607,76.579932,672453.451536,1247361.15558,2363.73,NA,"before jockal place",2346,5.851816,272.2906,672453.451535912,1247361.15558497
"727",4.83,125.58,2015-06-21,"TBRG 118",5,25,26,"TBRG 118",11.279607,76.579932,672453.451536,1247361.15558,2363.73,NA,"before jockal place",2346,5.851816,272.2906,672453.451535912,1247361.15558497
"26",4.7,122.2,2013-07-20,"TBRG 118",6,25,26,"TBRG 118",11.279607,76.579932,672453.451536,1247361.15558,2363.73,NA,"before jockal place",2346,5.851816,272.2906,672453.451535912,1247361.15558497
"395",4.5,117,2014-07-24,"TBRG 118",7,25,26,"TBRG 118",11.279607,76.579932,672453.451536,1247361.15558,2363.73,NA,"before jockal place",2346,5.851816,272.2906,672453.451535912,1247361.15558497
"319",3.83,99.58,2014-05-09,"TBRG 118",8,25,26,"TBRG 118",11.279607,76.579932,672453.451536,1247361.15558,2363.73,NA,"before jockal place",2346,5.851816,272.2906,672453.451535912,1247361.15558497
"75",8.07,193.68,2013-08-02,"TBRG 101",1,20,20,"TBRG 101",11.2918369999999,76.5564349999978,669880.911882871,1248700.1850178,2627.9,"Kolaripetta top tower","No rain during installation",2575,22.46737,56.30993,669880.911882871,1248700.1850178
"762",5.75,138,2015-06-20,"TBRG 101",2,20,20,"TBRG 101",11.2918369999999,76.5564349999978,669880.911882871,1248700.1850178,2627.9,"Kolaripetta top tower","No rain during installation",2575,22.46737,56.30993,669880.911882871,1248700.1850178
"764",12.04,288.96,2015-06-22,"TBRG 101",3,20,20,"TBRG 101",11.2918369999999,76.5564349999978,669880.911882871,1248700.1850178,2627.9,"Kolaripetta top tower","No rain during installation",2575,22.46737,56.30993,669880.911882871,1248700.1850178
"765",8.9,213.6,2015-06-23,"TBRG 101",4,20,20,"TBRG 101",11.2918369999999,76.5564349999978,669880.911882871,1248700.1850178,2627.9,"Kolaripetta top tower","No rain during installation",2575,22.46737,56.30993,669880.911882871,1248700.1850178
"763",11.25,270,2015-06-21,"TBRG 101",5,20,20,"TBRG 101",11.2918369999999,76.5564349999978,669880.911882871,1248700.1850178,2627.9,"Kolaripetta top tower","No rain during installation",2575,22.46737,56.30993,669880.911882871,1248700.1850178
"62",4.73,113.52,2013-07-20,"TBRG 101",6,20,20,"TBRG 101",11.2918369999999,76.5564349999978,669880.911882871,1248700.1850178,2627.9,"Kolaripetta top tower","No rain during installation",2575,22.46737,56.30993,669880.911882871,1248700.1850178
"431",6.74,161.76,2014-07-24,"TBRG 101",7,20,20,"TBRG 101",11.2918369999999,76.5564349999978,669880.911882871,1248700.1850178,2627.9,"Kolaripetta top tower","No rain during installation",2575,22.46737,56.30993,669880.911882871,1248700.1850178
"355",3.48,83.52,2014-05-09,"TBRG 101",8,20,20,"TBRG 101",11.2918369999999,76.5564349999978,669880.911882871,1248700.1850178,2627.9,"Kolaripetta top tower","No rain during installation",2575,22.46737,56.30993,669880.911882871,1248700.1850178
"76",9.97,229.31,2013-08-02,"TBRG 102",1,21,21,"TBRG 102",11.2846479999999,76.5670659999978,671045.784782464,1247911.19826642,2351.09,"Near V notch at First site","No rain during installation",2340,16.62619,206.9165,671045.784782464,1247911.19826642
"7631",8.36,192.28,2015-06-20,"TBRG 102",2,21,21,"TBRG 102",11.2846479999999,76.5670659999978,671045.784782464,1247911.19826642,2351.09,"Near V notch at First site","No rain during installation",2340,16.62619,206.9165,671045.784782464,1247911.19826642
"7651",8.64,198.72,2015-06-22,"TBRG 102",3,21,21,"TBRG 102",11.2846479999999,76.5670659999978,671045.784782464,1247911.19826642,2351.09,"Near V notch at First site","No rain during installation",2340,16.62619,206.9165,671045.784782464,1247911.19826642
"766",8.55,196.65,2015-06-23,"TBRG 102",4,21,21,"TBRG 102",11.2846479999999,76.5670659999978,671045.784782464,1247911.19826642,2351.09,"Near V notch at First site","No rain during installation",2340,16.62619,206.9165,671045.784782464,1247911.19826642
"7641",8.37,192.51,2015-06-21,"TBRG 102",5,21,21,"TBRG 102",11.2846479999999,76.5670659999978,671045.784782464,1247911.19826642,2351.09,"Near V notch at First site","No rain during installation",2340,16.62619,206.9165,671045.784782464,1247911.19826642
"63",7.52,172.96,2013-07-20,"TBRG 102",6,21,21,"TBRG 102",11.2846479999999,76.5670659999978,671045.784782464,1247911.19826642,2351.09,"Near V notch at First site","No rain during installation",2340,16.62619,206.9165,671045.784782464,1247911.19826642
"432",7.77,178.71,2014-07-24,"TBRG 102",7,21,21,"TBRG 102",11.2846479999999,76.5670659999978,671045.784782464,1247911.19826642,2351.09,"Near V notch at First site","No rain during installation",2340,16.62619,206.9165,671045.784782464,1247911.19826642
"356",3.87,89.01,2014-05-09,"TBRG 102",8,21,21,"TBRG 102",11.2846479999999,76.5670659999978,671045.784782464,1247911.19826642,2351.09,"Near V notch at First site","No rain during installation",2340,16.62619,206.9165,671045.784782464,1247911.19826642
"754",8.02,208.52,2013-08-02,"TBRG 103",1,18,18,"TBRG 103",11.2752739999999,76.5626569999978,670569.962681476,1246871.75966258,2332.26,"Near Bunker 2 site","No rain during installation",2282,3.879076,334.9831,670569.962681476,1246871.75966258
"750",5.67,147.42,2015-06-20,"TBRG 103",2,18,18,"TBRG 103",11.2752739999999,76.5626569999978,670569.962681476,1246871.75966258,2332.26,"Near Bunker 2 site","No rain during installation",2282,3.879076,334.9831,670569.962681476,1246871.75966258
"752",5.42,140.92,2015-06-22,"TBRG 103",3,18,18,"TBRG 103",11.2752739999999,76.5626569999978,670569.962681476,1246871.75966258,2332.26,"Near Bunker 2 site","No rain during installation",2282,3.879076,334.9831,670569.962681476,1246871.75966258
"753",5.83,151.58,2015-06-23,"TBRG 103",4,18,18,"TBRG 103",11.2752739999999,76.5626569999978,670569.962681476,1246871.75966258,2332.26,"Near Bunker 2 site","No rain during installation",2282,3.879076,334.9831,670569.962681476,1246871.75966258
"751",5.61,145.86,2015-06-21,"TBRG 103",5,18,18,"TBRG 103",11.2752739999999,76.5626569999978,670569.962681476,1246871.75966258,2332.26,"Near Bunker 2 site","No rain during installation",2282,3.879076,334.9831,670569.962681476,1246871.75966258
"621",4.88,126.88,2013-07-20,"TBRG 103",6,18,18,"TBRG 103",11.2752739999999,76.5626569999978,670569.962681476,1246871.75966258,2332.26,"Near Bunker 2 site","No rain during installation",2282,3.879076,334.9831,670569.962681476,1246871.75966258
"419",5.48,142.48,2014-07-24,"TBRG 103",7,18,18,"TBRG 103",11.2752739999999,76.5626569999978,670569.962681476,1246871.75966258,2332.26,"Near Bunker 2 site","No rain during installation",2282,3.879076,334.9831,670569.962681476,1246871.75966258
"343",3.52,91.52,2014-05-09,"TBRG 103",8,18,18,"TBRG 103",11.2752739999999,76.5626569999978,670569.962681476,1246871.75966258,2332.26,"Near Bunker 2 site","No rain during installation",2282,3.879076,334.9831,670569.962681476,1246871.75966258
"755",6.07,157.82,2013-08-02,"TBRG 104",1,19,19,"TBRG 104",11.2996179999999,76.5918329999976,673740.742378222,1249581.65416287,2163.89,"Avalanchi forest guest house","No rain during installation",2000,2.345711,143.1301,673740.742378222,1249581.65416287
"7621",4.51,117.26,2015-06-20,"TBRG 104",2,19,19,"TBRG 104",11.2996179999999,76.5918329999976,673740.742378222,1249581.65416287,2163.89,"Avalanchi forest guest house","No rain during installation",2000,2.345711,143.1301,673740.742378222,1249581.65416287
"7642",6.12,159.12,2015-06-22,"TBRG 104",3,19,19,"TBRG 104",11.2996179999999,76.5918329999976,673740.742378222,1249581.65416287,2163.89,"Avalanchi forest guest house","No rain during installation",2000,2.345711,143.1301,673740.742378222,1249581.65416287
"7652",6.1,158.6,2015-06-23,"TBRG 104",4,19,19,"TBRG 104",11.2996179999999,76.5918329999976,673740.742378222,1249581.65416287,2163.89,"Avalanchi forest guest house","No rain during installation",2000,2.345711,143.1301,673740.742378222,1249581.65416287
"7632",5.43,141.18,2015-06-21,"TBRG 104",5,19,19,"TBRG 104",11.2996179999999,76.5918329999976,673740.742378222,1249581.65416287,2163.89,"Avalanchi forest guest house","No rain during installation",2000,2.345711,143.1301,673740.742378222,1249581.65416287
"622",4.79,124.54,2013-07-20,"TBRG 104",6,19,19,"TBRG 104",11.2996179999999,76.5918329999976,673740.742378222,1249581.65416287,2163.89,"Avalanchi forest guest house","No rain during installation",2000,2.345711,143.1301,673740.742378222,1249581.65416287
"4311",4.46,115.96,2014-07-24,"TBRG 104",7,19,19,"TBRG 104",11.2996179999999,76.5918329999976,673740.742378222,1249581.65416287,2163.89,"Avalanchi forest guest house","No rain during installation",2000,2.345711,143.1301,673740.742378222,1249581.65416287
"3551",3.25,84.5,2014-05-09,"TBRG 104",8,19,19,"TBRG 104",11.2996179999999,76.5918329999976,673740.742378222,1249581.65416287,2163.89,"Avalanchi forest guest house","No rain during installation",2000,2.345711,143.1301,673740.742378222,1249581.65416287
"61",6.38,153.12,2013-08-02,"TBRG 105",1,17,17,"TBRG 105",11.2588059999999,76.5721219999977,671613.111722181,1245055.74402434,2319.95,"Past Jackal below Devar Betta","Photo 762-764",2295,27.36893,76.73352,671613.111722181,1245055.74402434
"748",4.34,104.16,2015-06-20,"TBRG 105",2,17,17,"TBRG 105",11.2588059999999,76.5721219999977,671613.111722181,1245055.74402434,2319.95,"Past Jackal below Devar Betta","Photo 762-764",2295,27.36893,76.73352,671613.111722181,1245055.74402434
"7501",3.23,77.52,2015-06-22,"TBRG 105",3,17,17,"TBRG 105",11.2588059999999,76.5721219999977,671613.111722181,1245055.74402434,2319.95,"Past Jackal below Devar Betta","Photo 762-764",2295,27.36893,76.73352,671613.111722181,1245055.74402434
"7511",3.11,74.64,2015-06-23,"TBRG 105",4,17,17,"TBRG 105",11.2588059999999,76.5721219999977,671613.111722181,1245055.74402434,2319.95,"Past Jackal below Devar Betta","Photo 762-764",2295,27.36893,76.73352,671613.111722181,1245055.74402434
"749",4.2,100.8,2015-06-21,"TBRG 105",5,17,17,"TBRG 105",11.2588059999999,76.5721219999977,671613.111722181,1245055.74402434,2319.95,"Past Jackal below Devar Betta","Photo 762-764",2295,27.36893,76.73352,671613.111722181,1245055.74402434
"48",3.79,90.96,2013-07-20,"TBRG 105",6,17,17,"TBRG 105",11.2588059999999,76.5721219999977,671613.111722181,1245055.74402434,2319.95,"Past Jackal below Devar Betta","Photo 762-764",2295,27.36893,76.73352,671613.111722181,1245055.74402434
"417",3.59,86.16,2014-07-24,"TBRG 105",7,17,17,"TBRG 105",11.2588059999999,76.5721219999977,671613.111722181,1245055.74402434,2319.95,"Past Jackal below Devar Betta","Photo 762-764",2295,27.36893,76.73352,671613.111722181,1245055.74402434
"341",4.81,115.44,2014-05-09,"TBRG 105",8,17,17,"TBRG 105",11.2588059999999,76.5721219999977,671613.111722181,1245055.74402434,2319.95,"Past Jackal below Devar Betta","Photo 762-764",2295,27.36893,76.73352,671613.111722181,1245055.74402434
"611",5.78,150.28,2013-08-02,"TBRG 106",1,16,16,"TBRG 106",11.2722629999999,76.5778559999977,672231.173087783,1246547.6028179,2325.46,"On way to jackal before Devar Betta near 3m falls","Photo 760-761",2314,13.57373,255.2564,672231.173087783,1246547.6028179
"7481",4.8,124.8,2015-06-20,"TBRG 106",2,16,16,"TBRG 106",11.2722629999999,76.5778559999977,672231.173087783,1246547.6028179,2325.46,"On way to jackal before Devar Betta near 3m falls","Photo 760-761",2314,13.57373,255.2564,672231.173087783,1246547.6028179
"7502",4.31,112.06,2015-06-22,"TBRG 106",3,16,16,"TBRG 106",11.2722629999999,76.5778559999977,672231.173087783,1246547.6028179,2325.46,"On way to jackal before Devar Betta near 3m falls","Photo 760-761",2314,13.57373,255.2564,672231.173087783,1246547.6028179
"7512",4.31,112.06,2015-06-23,"TBRG 106",4,16,16,"TBRG 106",11.2722629999999,76.5778559999977,672231.173087783,1246547.6028179,2325.46,"On way to jackal before Devar Betta near 3m falls","Photo 760-761",2314,13.57373,255.2564,672231.173087783,1246547.6028179
"7491",4.33,112.58,2015-06-21,"TBRG 106",5,16,16,"TBRG 106",11.2722629999999,76.5778559999977,672231.173087783,1246547.6028179,2325.46,"On way to jackal before Devar Betta near 3m falls","Photo 760-761",2314,13.57373,255.2564,672231.173087783,1246547.6028179
"481",3.83,99.58,2013-07-20,"TBRG 106",6,16,16,"TBRG 106",11.2722629999999,76.5778559999977,672231.173087783,1246547.6028179,2325.46,"On way to jackal before Devar Betta near 3m falls","Photo 760-761",2314,13.57373,255.2564,672231.173087783,1246547.6028179
"4171",4.19,108.94,2014-07-24,"TBRG 106",7,16,16,"TBRG 106",11.2722629999999,76.5778559999977,672231.173087783,1246547.6028179,2325.46,"On way to jackal before Devar Betta near 3m falls","Photo 760-761",2314,13.57373,255.2564,672231.173087783,1246547.6028179
"3411",3.85,100.1,2014-05-09,"TBRG 106",8,16,16,"TBRG 106",11.2722629999999,76.5778559999977,672231.173087783,1246547.6028179,2325.46,"On way to jackal before Devar Betta near 3m falls","Photo 760-761",2314,13.57373,255.2564,672231.173087783,1246547.6028179
"612",9.67,251.42,2013-08-02,"TBRG 107",1,15,12,"TBRG 107",11.2856209999999,76.5741079999977,671814.022111233,1248022.94815239,2265.79,"Near landslide below Nariadu Betta","On steep slope",2308,15.59079,310.2364,671814.022111233,1248022.94815239
"7482",7.33,190.58,2015-06-20,"TBRG 107",2,15,12,"TBRG 107",11.2856209999999,76.5741079999977,671814.022111233,1248022.94815239,2265.79,"Near landslide below Nariadu Betta","On steep slope",2308,15.59079,310.2364,671814.022111233,1248022.94815239
"7503",7.44,193.44,2015-06-22,"TBRG 107",3,15,12,"TBRG 107",11.2856209999999,76.5741079999977,671814.022111233,1248022.94815239,2265.79,"Near landslide below Nariadu Betta","On steep slope",2308,15.59079,310.2364,671814.022111233,1248022.94815239
"7513",7.15,185.9,2015-06-23,"TBRG 107",4,15,12,"TBRG 107",11.2856209999999,76.5741079999977,671814.022111233,1248022.94815239,2265.79,"Near landslide below Nariadu Betta","On steep slope",2308,15.59079,310.2364,671814.022111233,1248022.94815239
"7492",6.86,178.36,2015-06-21,"TBRG 107",5,15,12,"TBRG 107",11.2856209999999,76.5741079999977,671814.022111233,1248022.94815239,2265.79,"Near landslide below Nariadu Betta","On steep slope",2308,15.59079,310.2364,671814.022111233,1248022.94815239
"482",7.53,195.78,2013-07-20,"TBRG 107",6,15,12,"TBRG 107",11.2856209999999,76.5741079999977,671814.022111233,1248022.94815239,2265.79,"Near landslide below Nariadu Betta","On steep slope",2308,15.59079,310.2364,671814.022111233,1248022.94815239
"4172",6.16,160.16,2014-07-24,"TBRG 107",7,15,12,"TBRG 107",11.2856209999999,76.5741079999977,671814.022111233,1248022.94815239,2265.79,"Near landslide below Nariadu Betta","On steep slope",2308,15.59079,310.2364,671814.022111233,1248022.94815239
"3412",4.2,109.2,2014-05-09,"TBRG 107",8,15,12,"TBRG 107",11.2856209999999,76.5741079999977,671814.022111233,1248022.94815239,2265.79,"Near landslide below Nariadu Betta","On steep slope",2308,15.59079,310.2364,671814.022111233,1248022.94815239
"58",6.51,169.26,2013-08-02,"TBRG 108",1,9,28,"TBRG 108",11.2718329999999,76.5704249999977,671420.106396372,1246495.68183352,2362.19,"Overlooking Lakdihalla temple","On ridge",2345,2.345711,143.1301,671420.106396372,1246495.68183352
"741",3.56,92.56,2015-06-20,"TBRG 108",2,9,28,"TBRG 108",11.2718329999999,76.5704249999977,671420.106396372,1246495.68183352,2362.19,"Overlooking Lakdihalla temple","On ridge",2345,2.345711,143.1301,671420.106396372,1246495.68183352
"743",3.32,86.32,2015-06-22,"TBRG 108",3,9,28,"TBRG 108",11.2718329999999,76.5704249999977,671420.106396372,1246495.68183352,2362.19,"Overlooking Lakdihalla temple","On ridge",2345,2.345711,143.1301,671420.106396372,1246495.68183352
"744",3.04,79.04,2015-06-23,"TBRG 108",4,9,28,"TBRG 108",11.2718329999999,76.5704249999977,671420.106396372,1246495.68183352,2362.19,"Overlooking Lakdihalla temple","On ridge",2345,2.345711,143.1301,671420.106396372,1246495.68183352
"742",3.19,82.94,2015-06-21,"TBRG 108",5,9,28,"TBRG 108",11.2718329999999,76.5704249999977,671420.106396372,1246495.68183352,2362.19,"Overlooking Lakdihalla temple","On ridge",2345,2.345711,143.1301,671420.106396372,1246495.68183352
"45",4.87,126.62,2013-07-20,"TBRG 108",6,9,28,"TBRG 108",11.2718329999999,76.5704249999977,671420.106396372,1246495.68183352,2362.19,"Overlooking Lakdihalla temple","On ridge",2345,2.345711,143.1301,671420.106396372,1246495.68183352
"414",4.83,125.58,2014-07-24,"TBRG 108",7,9,28,"TBRG 108",11.2718329999999,76.5704249999977,671420.106396372,1246495.68183352,2362.19,"Overlooking Lakdihalla temple","On ridge",2345,2.345711,143.1301,671420.106396372,1246495.68183352
"338",3.56,92.56,2014-05-09,"TBRG 108",8,9,28,"TBRG 108",11.2718329999999,76.5704249999977,671420.106396372,1246495.68183352,2362.19,"Overlooking Lakdihalla temple","On ridge",2345,2.345711,143.1301,671420.106396372,1246495.68183352
"55",9.92,248,2013-08-02,"TBRG 109",1,12,32,"TBRG 109",11.2814599999999,76.5607659999978,670359.859068118,1247554.89667452,2402.05,"Off road branching off Kollari Betta road. 300m from branch off.","On ridge",2378,19.84428,243.7258,670359.859068118,1247554.89667452
"7421",7.53,188.25,2015-06-20,"TBRG 109",2,12,32,"TBRG 109",11.2814599999999,76.5607659999978,670359.859068118,1247554.89667452,2402.05,"Off road branching off Kollari Betta road. 300m from branch off.","On ridge",2378,19.84428,243.7258,670359.859068118,1247554.89667452
"7441",7.47,186.75,2015-06-22,"TBRG 109",3,12,32,"TBRG 109",11.2814599999999,76.5607659999978,670359.859068118,1247554.89667452,2402.05,"Off road branching off Kollari Betta road. 300m from branch off.","On ridge",2378,19.84428,243.7258,670359.859068118,1247554.89667452
"745",7.95,198.75,2015-06-23,"TBRG 109",4,12,32,"TBRG 109",11.2814599999999,76.5607659999978,670359.859068118,1247554.89667452,2402.05,"Off road branching off Kollari Betta road. 300m from branch off.","On ridge",2378,19.84428,243.7258,670359.859068118,1247554.89667452
"7431",7.07,176.75,2015-06-21,"TBRG 109",5,12,32,"TBRG 109",11.2814599999999,76.5607659999978,670359.859068118,1247554.89667452,2402.05,"Off road branching off Kollari Betta road. 300m from branch off.","On ridge",2378,19.84428,243.7258,670359.859068118,1247554.89667452
"42",5.63,140.75,2013-07-20,"TBRG 109",6,12,32,"TBRG 109",11.2814599999999,76.5607659999978,670359.859068118,1247554.89667452,2402.05,"Off road branching off Kollari Betta road. 300m from branch off.","On ridge",2378,19.84428,243.7258,670359.859068118,1247554.89667452
"411",7.61,190.25,2014-07-24,"TBRG 109",7,12,32,"TBRG 109",11.2814599999999,76.5607659999978,670359.859068118,1247554.89667452,2402.05,"Off road branching off Kollari Betta road. 300m from branch off.","On ridge",2378,19.84428,243.7258,670359.859068118,1247554.89667452
"335",2.94,73.5,2014-05-09,"TBRG 109",8,12,32,"TBRG 109",11.2814599999999,76.5607659999978,670359.859068118,1247554.89667452,2402.05,"Off road branching off Kollari Betta road. 300m from branch off.","On ridge",2378,19.84428,243.7258,670359.859068118,1247554.89667452
"581",1.59,42.93,2013-08-02,"TBRG 110",1,8,27,"TBRG 110",11.2703029999999,76.5602209999978,670306.930468473,1246320.49685856,2399.75,"Overlooking U Bhavani at end of road","On ridge",2347,8.895783,137.1211,670306.930468473,1246320.49685856
"7451",4.23,114.21,2015-06-20,"TBRG 110",2,8,27,"TBRG 110",11.2703029999999,76.5602209999978,670306.930468473,1246320.49685856,2399.75,"Overlooking U Bhavani at end of road","On ridge",2347,8.895783,137.1211,670306.930468473,1246320.49685856
"747",3.34,90.18,2015-06-22,"TBRG 110",3,8,27,"TBRG 110",11.2703029999999,76.5602209999978,670306.930468473,1246320.49685856,2399.75,"Overlooking U Bhavani at end of road","On ridge",2347,8.895783,137.1211,670306.930468473,1246320.49685856
"7483",3.55,95.85,2015-06-23,"TBRG 110",4,8,27,"TBRG 110",11.2703029999999,76.5602209999978,670306.930468473,1246320.49685856,2399.75,"Overlooking U Bhavani at end of road","On ridge",2347,8.895783,137.1211,670306.930468473,1246320.49685856
"746",3.8,102.6,2015-06-21,"TBRG 110",5,8,27,"TBRG 110",11.2703029999999,76.5602209999978,670306.930468473,1246320.49685856,2399.75,"Overlooking U Bhavani at end of road","On ridge",2347,8.895783,137.1211,670306.930468473,1246320.49685856
"451",4.65,125.55,2013-07-20,"TBRG 110",6,8,27,"TBRG 110",11.2703029999999,76.5602209999978,670306.930468473,1246320.49685856,2399.75,"Overlooking U Bhavani at end of road","On ridge",2347,8.895783,137.1211,670306.930468473,1246320.49685856
"4141",4.58,123.66,2014-07-24,"TBRG 110",7,8,27,"TBRG 110",11.2703029999999,76.5602209999978,670306.930468473,1246320.49685856,2399.75,"Overlooking U Bhavani at end of road","On ridge",2347,8.895783,137.1211,670306.930468473,1246320.49685856
"3381",3.5,94.5,2014-05-09,"TBRG 110",8,8,27,"TBRG 110",11.2703029999999,76.5602209999978,670306.930468473,1246320.49685856,2399.75,"Overlooking U Bhavani at end of road","On ridge",2347,8.895783,137.1211,670306.930468473,1246320.49685856
"NA",NA,NA,NA,"TBRG 110a",1,8,27,"TBRG 110a",11.2703029999999,76.5602209999978,670306.930468473,1246320.49685856,2399.75,"Overlooking U Bhavani at end of road","On ridge",2347,8.895783,137.1211,670306.930468473,1246320.49685856
"NA.1",NA,NA,NA,"TBRG 110a",2,8,27,"TBRG 110a",11.2703029999999,76.5602209999978,670306.930468473,1246320.49685856,2399.75,"Overlooking U Bhavani at end of road","On ridge",2347,8.895783,137.1211,670306.930468473,1246320.49685856
"NA.2",NA,NA,NA,"TBRG 110a",3,8,27,"TBRG 110a",11.2703029999999,76.5602209999978,670306.930468473,1246320.49685856,2399.75,"Overlooking U Bhavani at end of road","On ridge",2347,8.895783,137.1211,670306.930468473,1246320.49685856
"NA.3",NA,NA,NA,"TBRG 110a",4,8,27,"TBRG 110a",11.2703029999999,76.5602209999978,670306.930468473,1246320.49685856,2399.75,"Overlooking U Bhavani at end of road","On ridge",2347,8.895783,137.1211,670306.930468473,1246320.49685856
"NA.4",NA,NA,NA,"TBRG 110a",5,8,27,"TBRG 110a",11.2703029999999,76.5602209999978,670306.930468473,1246320.49685856,2399.75,"Overlooking U Bhavani at end of road","On ridge",2347,8.895783,137.1211,670306.930468473,1246320.49685856
"NA.5",NA,NA,NA,"TBRG 110a",6,8,27,"TBRG 110a",11.2703029999999,76.5602209999978,670306.930468473,1246320.49685856,2399.75,"Overlooking U Bhavani at end of road","On ridge",2347,8.895783,137.1211,670306.930468473,1246320.49685856
"NA.6",NA,NA,NA,"TBRG 110a",7,8,27,"TBRG 110a",11.2703029999999,76.5602209999978,670306.930468473,1246320.49685856,2399.75,"Overlooking U Bhavani at end of road","On ridge",2347,8.895783,137.1211,670306.930468473,1246320.49685856
"NA.7",NA,NA,NA,"TBRG 110a",8,8,27,"TBRG 110a",11.2703029999999,76.5602209999978,670306.930468473,1246320.49685856,2399.75,"Overlooking U Bhavani at end of road","On ridge",2347,8.895783,137.1211,670306.930468473,1246320.49685856
"551",9.43,235.75,2013-08-02,"TBRG 111",1,13,33,"TBRG 111",11.2893399999999,76.5617819999978,670466.131816438,1248427.10094809,2458.26,"Below Kollari Betta, smack below the road","On ridge",2454,24.46756,256.4641,670466.131816438,1248427.10094809
"7422",6.62,165.5,2015-06-20,"TBRG 111",2,13,33,"TBRG 111",11.2893399999999,76.5617819999978,670466.131816438,1248427.10094809,2458.26,"Below Kollari Betta, smack below the road","On ridge",2454,24.46756,256.4641,670466.131816438,1248427.10094809
"7442",6.71,167.75,2015-06-22,"TBRG 111",3,13,33,"TBRG 111",11.2893399999999,76.5617819999978,670466.131816438,1248427.10094809,2458.26,"Below Kollari Betta, smack below the road","On ridge",2454,24.46756,256.4641,670466.131816438,1248427.10094809
"7452",7.22,180.5,2015-06-23,"TBRG 111",4,13,33,"TBRG 111",11.2893399999999,76.5617819999978,670466.131816438,1248427.10094809,2458.26,"Below Kollari Betta, smack below the road","On ridge",2454,24.46756,256.4641,670466.131816438,1248427.10094809
"7432",6.27,156.75,2015-06-21,"TBRG 111",5,13,33,"TBRG 111",11.2893399999999,76.5617819999978,670466.131816438,1248427.10094809,2458.26,"Below Kollari Betta, smack below the road","On ridge",2454,24.46756,256.4641,670466.131816438,1248427.10094809
"421",NA,NA,2013-07-20,"TBRG 111",6,13,33,"TBRG 111",11.2893399999999,76.5617819999978,670466.131816438,1248427.10094809,2458.26,"Below Kollari Betta, smack below the road","On ridge",2454,24.46756,256.4641,670466.131816438,1248427.10094809
"4111",NA,NA,2014-07-24,"TBRG 111",7,13,33,"TBRG 111",11.2893399999999,76.5617819999978,670466.131816438,1248427.10094809,2458.26,"Below Kollari Betta, smack below the road","On ridge",2454,24.46756,256.4641,670466.131816438,1248427.10094809
"3351",2.46,61.5,2014-05-09,"TBRG 111",8,13,33,"TBRG 111",11.2893399999999,76.5617819999978,670466.131816438,1248427.10094809,2458.26,"Below Kollari Betta, smack below the road","On ridge",2454,24.46756,256.4641,670466.131816438,1248427.10094809
"552",3.62,94.12,2013-08-02,"TBRG 112",1,14,29,"TBRG 112",11.2983559999999,76.5717639999977,671550.546143604,1249430.20782142,2327.49,"Overlooking Avalanche generation station","Just below ridge",2293,28.00674,102.0023,671550.546143604,1249430.20782142
"7423",3.66,95.16,2015-06-20,"TBRG 112",2,14,29,"TBRG 112",11.2983559999999,76.5717639999977,671550.546143604,1249430.20782142,2327.49,"Overlooking Avalanche generation station","Just below ridge",2293,28.00674,102.0023,671550.546143604,1249430.20782142
"7443",3.39,88.14,2015-06-22,"TBRG 112",3,14,29,"TBRG 112",11.2983559999999,76.5717639999977,671550.546143604,1249430.20782142,2327.49,"Overlooking Avalanche generation station","Just below ridge",2293,28.00674,102.0023,671550.546143604,1249430.20782142
"7453",3.17,82.42,2015-06-23,"TBRG 112",4,14,29,"TBRG 112",11.2983559999999,76.5717639999977,671550.546143604,1249430.20782142,2327.49,"Overlooking Avalanche generation station","Just below ridge",2293,28.00674,102.0023,671550.546143604,1249430.20782142
"7433",3.76,97.76,2015-06-21,"TBRG 112",5,14,29,"TBRG 112",11.2983559999999,76.5717639999977,671550.546143604,1249430.20782142,2327.49,"Overlooking Avalanche generation station","Just below ridge",2293,28.00674,102.0023,671550.546143604,1249430.20782142
"422",3.54,92.04,2013-07-20,"TBRG 112",6,14,29,"TBRG 112",11.2983559999999,76.5717639999977,671550.546143604,1249430.20782142,2327.49,"Overlooking Avalanche generation station","Just below ridge",2293,28.00674,102.0023,671550.546143604,1249430.20782142
"4112",3.44,89.44,2014-07-24,"TBRG 112",7,14,29,"TBRG 112",11.2983559999999,76.5717639999977,671550.546143604,1249430.20782142,2327.49,"Overlooking Avalanche generation station","Just below ridge",2293,28.00674,102.0023,671550.546143604,1249430.20782142
"3352",3.07,79.82,2014-05-09,"TBRG 112",8,14,29,"TBRG 112",11.2983559999999,76.5717639999977,671550.546143604,1249430.20782142,2327.49,"Overlooking Avalanche generation station","Just below ridge",2293,28.00674,102.0023,671550.546143604,1249430.20782142
"553",7.4,192.4,2013-08-02,"TBRG 113",1,10,30,"TBRG 113",11.2715029999999,76.5517269999979,669378.848250862,1246448.30578536,2347.01,"Border of Mukurthi beyond medow","On ridge",2290,16.56694,128.2902,669378.848250862,1246448.30578536
"7424",4.55,118.3,2015-06-20,"TBRG 113",2,10,30,"TBRG 113",11.2715029999999,76.5517269999979,669378.848250862,1246448.30578536,2347.01,"Border of Mukurthi beyond medow","On ridge",2290,16.56694,128.2902,669378.848250862,1246448.30578536
"7444",4,104,2015-06-22,"TBRG 113",3,10,30,"TBRG 113",11.2715029999999,76.5517269999979,669378.848250862,1246448.30578536,2347.01,"Border of Mukurthi beyond medow","On ridge",2290,16.56694,128.2902,669378.848250862,1246448.30578536
"7454",4.19,108.94,2015-06-23,"TBRG 113",4,10,30,"TBRG 113",11.2715029999999,76.5517269999979,669378.848250862,1246448.30578536,2347.01,"Border of Mukurthi beyond medow","On ridge",2290,16.56694,128.2902,669378.848250862,1246448.30578536
"7434",4.36,113.36,2015-06-21,"TBRG 113",5,10,30,"TBRG 113",11.2715029999999,76.5517269999979,669378.848250862,1246448.30578536,2347.01,"Border of Mukurthi beyond medow","On ridge",2290,16.56694,128.2902,669378.848250862,1246448.30578536
"423",4.7,122.2,2013-07-20,"TBRG 113",6,10,30,"TBRG 113",11.2715029999999,76.5517269999979,669378.848250862,1246448.30578536,2347.01,"Border of Mukurthi beyond medow","On ridge",2290,16.56694,128.2902,669378.848250862,1246448.30578536
"4113",5.7,148.2,2014-07-24,"TBRG 113",7,10,30,"TBRG 113",11.2715029999999,76.5517269999979,669378.848250862,1246448.30578536,2347.01,"Border of Mukurthi beyond medow","On ridge",2290,16.56694,128.2902,669378.848250862,1246448.30578536
"3353",3.35,87.1,2014-05-09,"TBRG 113",8,10,30,"TBRG 113",11.2715029999999,76.5517269999979,669378.848250862,1246448.30578536,2347.01,"Border of Mukurthi beyond medow","On ridge",2290,16.56694,128.2902,669378.848250862,1246448.30578536
"554",10.38,259.5,2013-08-02,"TBRG 114",1,11,31,"TBRG 114",11.3052269999999,76.5767539999977,672091.20851762,1250193.15344316,1999.51,"Next to rain gauge in Avalache generation station",NA,1995,7.210908,240.9454,672091.20851762,1250193.15344316
"7425",6.36,159,2015-06-20,"TBRG 114",2,11,31,"TBRG 114",11.3052269999999,76.5767539999977,672091.20851762,1250193.15344316,1999.51,"Next to rain gauge in Avalache generation station",NA,1995,7.210908,240.9454,672091.20851762,1250193.15344316
"7445",9.32,233,2015-06-22,"TBRG 114",3,11,31,"TBRG 114",11.3052269999999,76.5767539999977,672091.20851762,1250193.15344316,1999.51,"Next to rain gauge in Avalache generation station",NA,1995,7.210908,240.9454,672091.20851762,1250193.15344316
"7455",10.46,261.5,2015-06-23,"TBRG 114",4,11,31,"TBRG 114",11.3052269999999,76.5767539999977,672091.20851762,1250193.15344316,1999.51,"Next to rain gauge in Avalache generation station",NA,1995,7.210908,240.9454,672091.20851762,1250193.15344316
"7435",7.7,192.5,2015-06-21,"TBRG 114",5,11,31,"TBRG 114",11.3052269999999,76.5767539999977,672091.20851762,1250193.15344316,1999.51,"Next to rain gauge in Avalache generation station",NA,1995,7.210908,240.9454,672091.20851762,1250193.15344316
"424",6.68,167,2013-07-20,"TBRG 114",6,11,31,"TBRG 114",11.3052269999999,76.5767539999977,672091.20851762,1250193.15344316,1999.51,"Next to rain gauge in Avalache generation station",NA,1995,7.210908,240.9454,672091.20851762,1250193.15344316
"4114",7.07,176.75,2014-07-24,"TBRG 114",7,11,31,"TBRG 114",11.3052269999999,76.5767539999977,672091.20851762,1250193.15344316,1999.51,"Next to rain gauge in Avalache generation station",NA,1995,7.210908,240.9454,672091.20851762,1250193.15344316
"3354",2.81,70.25,2014-05-09,"TBRG 114",8,11,31,"TBRG 114",11.3052269999999,76.5767539999977,672091.20851762,1250193.15344316,1999.51,"Next to rain gauge in Avalache generation station",NA,1995,7.210908,240.9454,672091.20851762,1250193.15344316
"43",9.36,243.36,2013-08-02,"TBRG 115",1,22,25,"TBRG 115",11.279193,76.568964,671256.233536,1247308.92474,2321.27,"near bavani amman temple",NA,2336,21.16993,280.359,671256.233536253,1247308.92473709
"730",6.85,178.1,2015-06-20,"TBRG 115",2,22,25,"TBRG 115",11.279193,76.568964,671256.233536,1247308.92474,2321.27,"near bavani amman temple",NA,2336,21.16993,280.359,671256.233536253,1247308.92473709
"732",7.04,183.04,2015-06-22,"TBRG 115",3,22,25,"TBRG 115",11.279193,76.568964,671256.233536,1247308.92474,2321.27,"near bavani amman temple",NA,2336,21.16993,280.359,671256.233536253,1247308.92473709
"733",6.72,174.72,2015-06-23,"TBRG 115",4,22,25,"TBRG 115",11.279193,76.568964,671256.233536,1247308.92474,2321.27,"near bavani amman temple",NA,2336,21.16993,280.359,671256.233536253,1247308.92473709
"731",6.52,169.52,2015-06-21,"TBRG 115",5,22,25,"TBRG 115",11.279193,76.568964,671256.233536,1247308.92474,2321.27,"near bavani amman temple",NA,2336,21.16993,280.359,671256.233536253,1247308.92473709
"30",5.35,139.1,2013-07-20,"TBRG 115",6,22,25,"TBRG 115",11.279193,76.568964,671256.233536,1247308.92474,2321.27,"near bavani amman temple",NA,2336,21.16993,280.359,671256.233536253,1247308.92473709
"399",6.46,167.96,2014-07-24,"TBRG 115",7,22,25,"TBRG 115",11.279193,76.568964,671256.233536,1247308.92474,2321.27,"near bavani amman temple",NA,2336,21.16993,280.359,671256.233536253,1247308.92473709
"323",3,78,2014-05-09,"TBRG 115",8,22,25,"TBRG 115",11.279193,76.568964,671256.233536,1247308.92474,2321.27,"near bavani amman temple",NA,2336,21.16993,280.359,671256.233536253,1247308.92473709
"41",9.03,225.75,2013-08-02,"TBRG 116",1,23,34,"TBRG 116",11.262354,76.551316,669339.330019,1245436.09618,2338.08,NA,"Near upper bavani",2305,18.77905,301.2005,669339.330019145,1245436.09617714
"7281",5.15,128.75,2015-06-20,"TBRG 116",2,23,34,"TBRG 116",11.262354,76.551316,669339.330019,1245436.09618,2338.08,NA,"Near upper bavani",2305,18.77905,301.2005,669339.330019145,1245436.09617714
"7301",4.59,114.75,2015-06-22,"TBRG 116",3,23,34,"TBRG 116",11.262354,76.551316,669339.330019,1245436.09618,2338.08,NA,"Near upper bavani",2305,18.77905,301.2005,669339.330019145,1245436.09617714
"7311",4.49,112.25,2015-06-23,"TBRG 116",4,23,34,"TBRG 116",11.262354,76.551316,669339.330019,1245436.09618,2338.08,NA,"Near upper bavani",2305,18.77905,301.2005,669339.330019145,1245436.09617714
"7291",5.14,128.5,2015-06-21,"TBRG 116",5,23,34,"TBRG 116",11.262354,76.551316,669339.330019,1245436.09618,2338.08,NA,"Near upper bavani",2305,18.77905,301.2005,669339.330019145,1245436.09617714
"28",4.49,112.25,2013-07-20,"TBRG 116",6,23,34,"TBRG 116",11.262354,76.551316,669339.330019,1245436.09618,2338.08,NA,"Near upper bavani",2305,18.77905,301.2005,669339.330019145,1245436.09617714
"397",NA,NA,2014-07-24,"TBRG 116",7,23,34,"TBRG 116",11.262354,76.551316,669339.330019,1245436.09618,2338.08,NA,"Near upper bavani",2305,18.77905,301.2005,669339.330019145,1245436.09617714
"321",3.37,84.25,2014-05-09,"TBRG 116",8,23,34,"TBRG 116",11.262354,76.551316,669339.330019,1245436.09618,2338.08,NA,"Near upper bavani",2305,18.77905,301.2005,669339.330019145,1245436.09617714
"391",5.67,141.75,2013-08-02,"TBRG 117",1,24,13,"TBRG 117",11.298367,76.598458,674464.759159,1249447.22418,2158.15,NA,"Near forest gest house",2133,12.30186,354.6107,674464.75915918,1249447.22417936
"7261",4.15,103.75,2015-06-20,"TBRG 117",2,24,13,"TBRG 117",11.298367,76.598458,674464.759159,1249447.22418,2158.15,NA,"Near forest gest house",2133,12.30186,354.6107,674464.75915918,1249447.22417936
"7282",5.61,140.25,2015-06-22,"TBRG 117",3,24,13,"TBRG 117",11.298367,76.598458,674464.759159,1249447.22418,2158.15,NA,"Near forest gest house",2133,12.30186,354.6107,674464.75915918,1249447.22417936
"7292",5.37,134.25,2015-06-23,"TBRG 117",4,24,13,"TBRG 117",11.298367,76.598458,674464.759159,1249447.22418,2158.15,NA,"Near forest gest house",2133,12.30186,354.6107,674464.75915918,1249447.22417936
"7271",4.66,116.5,2015-06-21,"TBRG 117",5,24,13,"TBRG 117",11.298367,76.598458,674464.759159,1249447.22418,2158.15,NA,"Near forest gest house",2133,12.30186,354.6107,674464.75915918,1249447.22417936
"261",4.22,105.5,2013-07-20,"TBRG 117",6,24,13,"TBRG 117",11.298367,76.598458,674464.759159,1249447.22418,2158.15,NA,"Near forest gest house",2133,12.30186,354.6107,674464.75915918,1249447.22417936
"3951",3.77,94.25,2014-07-24,"TBRG 117",7,24,13,"TBRG 117",11.298367,76.598458,674464.759159,1249447.22418,2158.15,NA,"Near forest gest house",2133,12.30186,354.6107,674464.75915918,1249447.22417936
"3191",3.29,82.25,2014-05-09,"TBRG 117",8,24,13,"TBRG 117",11.298367,76.598458,674464.759159,1249447.22418,2158.15,NA,"Near forest gest house",2133,12.30186,354.6107,674464.75915918,1249447.22417936
"115",1.26,32.76,2013-08-02,"TBRG 119",1,26,NA,"TBRG 119",11.292017,76.569349,671290.661625,1248727.62716,2579.53,"kolaripetta east","from blue shed",2530,22.52484,176.0353,671290.661625145,1248727.62716314
"802",0,0,2015-06-20,"TBRG 119",2,26,NA,"TBRG 119",11.292017,76.569349,671290.661625,1248727.62716,2579.53,"kolaripetta east","from blue shed",2530,22.52484,176.0353,671290.661625145,1248727.62716314
"804",0,0,2015-06-22,"TBRG 119",3,26,NA,"TBRG 119",11.292017,76.569349,671290.661625,1248727.62716,2579.53,"kolaripetta east","from blue shed",2530,22.52484,176.0353,671290.661625145,1248727.62716314
"805",0,0,2015-06-23,"TBRG 119",4,26,NA,"TBRG 119",11.292017,76.569349,671290.661625,1248727.62716,2579.53,"kolaripetta east","from blue shed",2530,22.52484,176.0353,671290.661625145,1248727.62716314
"803",0,0,2015-06-21,"TBRG 119",5,26,NA,"TBRG 119",11.292017,76.569349,671290.661625,1248727.62716,2579.53,"kolaripetta east","from blue shed",2530,22.52484,176.0353,671290.661625145,1248727.62716314
"102",1.35,35.1,2013-07-20,"TBRG 119",6,26,NA,"TBRG 119",11.292017,76.569349,671290.661625,1248727.62716,2579.53,"kolaripetta east","from blue shed",2530,22.52484,176.0353,671290.661625145,1248727.62716314
"471",1.7,44.2,2014-07-24,"TBRG 119",7,26,NA,"TBRG 119",11.292017,76.569349,671290.661625,1248727.62716,2579.53,"kolaripetta east","from blue shed",2530,22.52484,176.0353,671290.661625145,1248727.62716314
"3952",2.02,52.52,2014-05-09,"TBRG 119",8,26,NA,"TBRG 119",11.292017,76.569349,671290.661625,1248727.62716,2579.53,"kolaripetta east","from blue shed",2530,22.52484,176.0353,671290.661625145,1248727.62716314
"281",9.35,224.4,2013-08-02,"TBRG 120",1,27,NA,"TBRG 120",11.272445,76.544731,668614.477779,1246548.46504,2321.75,"East side Upparbavani","Uppar bavani west",2317,16.53424,242.0205,668614.477779187,1246548.46504416
"715",5.95,142.8,2015-06-20,"TBRG 120",2,27,NA,"TBRG 120",11.272445,76.544731,668614.477779,1246548.46504,2321.75,"East side Upparbavani","Uppar bavani west",2317,16.53424,242.0205,668614.477779187,1246548.46504416
"717",6.06,145.44,2015-06-22,"TBRG 120",3,27,NA,"TBRG 120",11.272445,76.544731,668614.477779,1246548.46504,2321.75,"East side Upparbavani","Uppar bavani west",2317,16.53424,242.0205,668614.477779187,1246548.46504416
"718",6.27,150.48,2015-06-23,"TBRG 120",4,27,NA,"TBRG 120",11.272445,76.544731,668614.477779,1246548.46504,2321.75,"East side Upparbavani","Uppar bavani west",2317,16.53424,242.0205,668614.477779187,1246548.46504416
"716",6.35,152.4,2015-06-21,"TBRG 120",5,27,NA,"TBRG 120",11.272445,76.544731,668614.477779,1246548.46504,2321.75,"East side Upparbavani","Uppar bavani west",2317,16.53424,242.0205,668614.477779187,1246548.46504416
"15",5.96,143.04,2013-07-20,"TBRG 120",6,27,NA,"TBRG 120",11.272445,76.544731,668614.477779,1246548.46504,2321.75,"East side Upparbavani","Uppar bavani west",2317,16.53424,242.0205,668614.477779187,1246548.46504416
"384",7.72,185.28,2014-07-24,"TBRG 120",7,27,NA,"TBRG 120",11.272445,76.544731,668614.477779,1246548.46504,2321.75,"East side Upparbavani","Uppar bavani west",2317,16.53424,242.0205,668614.477779187,1246548.46504416
"308",3.33,79.92,2014-05-09,"TBRG 120",8,27,NA,"TBRG 120",11.272445,76.544731,668614.477779,1246548.46504,2321.75,"East side Upparbavani","Uppar bavani west",2317,16.53424,242.0205,668614.477779187,1246548.46504416
"3",11.3,282.5,2013-08-02,"TBRG 121",1,28,NA,"TBRG 121",11.225503,76.525478,666716.756378,1240990.56062,2290.07,"Near Upper bhavani Dam","From the temple go down",2277,9.038458,168.1113,666716.756377548,1240990.56061865
"690",6.35,158.75,2015-06-20,"TBRG 121",2,28,NA,"TBRG 121",11.225503,76.525478,666716.756378,1240990.56062,2290.07,"Near Upper bhavani Dam","From the temple go down",2277,9.038458,168.1113,666716.756377548,1240990.56061865
"692",4.56,114,2015-06-22,"TBRG 121",3,28,NA,"TBRG 121",11.225503,76.525478,666716.756378,1240990.56062,2290.07,"Near Upper bhavani Dam","From the temple go down",2277,9.038458,168.1113,666716.756377548,1240990.56061865
"693",4.22,105.5,2015-06-23,"TBRG 121",4,28,NA,"TBRG 121",11.225503,76.525478,666716.756378,1240990.56062,2290.07,"Near Upper bhavani Dam","From the temple go down",2277,9.038458,168.1113,666716.756377548,1240990.56061865
"691",4.65,116.25,2015-06-21,"TBRG 121",5,28,NA,"TBRG 121",11.225503,76.525478,666716.756378,1240990.56062,2290.07,"Near Upper bhavani Dam","From the temple go down",2277,9.038458,168.1113,666716.756377548,1240990.56061865
"NA1",NA,NA,NA,"TBRG 121",6,28,NA,"TBRG 121",11.225503,76.525478,666716.756378,1240990.56062,2290.07,"Near Upper bhavani Dam","From the temple go down",2277,9.038458,168.1113,666716.756377548,1240990.56061865
"359",4.92,123,2014-07-24,"TBRG 121",7,28,NA,"TBRG 121",11.225503,76.525478,666716.756378,1240990.56062,2290.07,"Near Upper bhavani Dam","From the temple go down",2277,9.038458,168.1113,666716.756377548,1240990.56061865
"283",7.16,179,2014-05-09,"TBRG 121",8,28,NA,"TBRG 121",11.225503,76.525478,666716.756378,1240990.56062,2290.07,"Near Upper bhavani Dam","From the temple go down",2277,9.038458,168.1113,666716.756377548,1240990.56061865
"1",2.25,54,2013-08-02,"TBRG 122",1,29,NA,"TBRG 122",11.340781,76.596467,674221.732626,1254137.56423,2096.81,"Red hills gest house","Near the temple",2104,15.9502,332.7004,674221.732625813,1254137.56423161
"688",6.06,145.44,2015-06-20,"TBRG 122",2,29,NA,"TBRG 122",11.340781,76.596467,674221.732626,1254137.56423,2096.81,"Red hills gest house","Near the temple",2104,15.9502,332.7004,674221.732625813,1254137.56423161
"6901",7.38,177.12,2015-06-22,"TBRG 122",3,29,NA,"TBRG 122",11.340781,76.596467,674221.732626,1254137.56423,2096.81,"Red hills gest house","Near the temple",2104,15.9502,332.7004,674221.732625813,1254137.56423161
"6911",7.8,187.2,2015-06-23,"TBRG 122",4,29,NA,"TBRG 122",11.340781,76.596467,674221.732626,1254137.56423,2096.81,"Red hills gest house","Near the temple",2104,15.9502,332.7004,674221.732625813,1254137.56423161
"689",5.07,121.68,2015-06-21,"TBRG 122",5,29,NA,"TBRG 122",11.340781,76.596467,674221.732626,1254137.56423,2096.81,"Red hills gest house","Near the temple",2104,15.9502,332.7004,674221.732625813,1254137.56423161
"NA2",NA,NA,NA,"TBRG 122",6,29,NA,"TBRG 122",11.340781,76.596467,674221.732626,1254137.56423,2096.81,"Red hills gest house","Near the temple",2104,15.9502,332.7004,674221.732625813,1254137.56423161
"357",4.47,107.28,2014-07-24,"TBRG 122",7,29,NA,"TBRG 122",11.340781,76.596467,674221.732626,1254137.56423,2096.81,"Red hills gest house","Near the temple",2104,15.9502,332.7004,674221.732625813,1254137.56423161
"2811",2.67,64.08,2014-05-09,"TBRG 122",8,29,NA,"TBRG 122",11.340781,76.596467,674221.732626,1254137.56423,2096.81,"Red hills gest house","Near the temple",2104,15.9502,332.7004,674221.732625813,1254137.56423161
"NA3",NA,NA,NA,"TBRG 123",1,30,NA,"TBRG 123",11.25527,76.624558,677340.603932,1244695.80522,1850.02,"Doddacombu","Doddacombu tea factory",1847,8.24718,317.2906,677340.603931552,1244695.8052226
"665",2.49,62.25,2015-06-20,"TBRG 123",2,30,NA,"TBRG 123",11.25527,76.624558,677340.603932,1244695.80522,1850.02,"Doddacombu","Doddacombu tea factory",1847,8.24718,317.2906,677340.603931552,1244695.8052226
"667",1.42,35.5,2015-06-22,"TBRG 123",3,30,NA,"TBRG 123",11.25527,76.624558,677340.603932,1244695.80522,1850.02,"Doddacombu","Doddacombu tea factory",1847,8.24718,317.2906,677340.603931552,1244695.8052226
"668",1.07,26.75,2015-06-23,"TBRG 123",4,30,NA,"TBRG 123",11.25527,76.624558,677340.603932,1244695.80522,1850.02,"Doddacombu","Doddacombu tea factory",1847,8.24718,317.2906,677340.603931552,1244695.8052226
"666",1.73,43.25,2015-06-21,"TBRG 123",5,30,NA,"TBRG 123",11.25527,76.624558,677340.603932,1244695.80522,1850.02,"Doddacombu","Doddacombu tea factory",1847,8.24718,317.2906,677340.603931552,1244695.8052226
"NA.11",NA,NA,NA,"TBRG 123",6,30,NA,"TBRG 123",11.25527,76.624558,677340.603932,1244695.80522,1850.02,"Doddacombu","Doddacombu tea factory",1847,8.24718,317.2906,677340.603931552,1244695.8052226
"334",0.92,23,2014-07-24,"TBRG 123",7,30,NA,"TBRG 123",11.25527,76.624558,677340.603932,1244695.80522,1850.02,"Doddacombu","Doddacombu tea factory",1847,8.24718,317.2906,677340.603931552,1244695.8052226
"258",5.61,140.25,2014-05-09,"TBRG 123",8,30,NA,"TBRG 123",11.25527,76.624558,677340.603932,1244695.80522,1850.02,"Doddacombu","Doddacombu tea factory",1847,8.24718,317.2906,677340.603931552,1244695.8052226
"NA4",NA,NA,NA,"TBRG 124",1,31,NA,"TBRG 124",11.234528,76.578685,672344.132881,1242374.17004,2239.62,"Korakundha","Korakunda tea estate residence place",2231,6.417728,190.4915,672344.13288104,1242374.17004071
"663",3.63,90.75,2015-06-20,"TBRG 124",2,31,NA,"TBRG 124",11.234528,76.578685,672344.132881,1242374.17004,2239.62,"Korakundha","Korakunda tea estate residence place",2231,6.417728,190.4915,672344.13288104,1242374.17004071
"6651",2.55,63.75,2015-06-22,"TBRG 124",3,31,NA,"TBRG 124",11.234528,76.578685,672344.132881,1242374.17004,2239.62,"Korakundha","Korakunda tea estate residence place",2231,6.417728,190.4915,672344.13288104,1242374.17004071
"6661",2.46,61.5,2015-06-23,"TBRG 124",4,31,NA,"TBRG 124",11.234528,76.578685,672344.132881,1242374.17004,2239.62,"Korakundha","Korakunda tea estate residence place",2231,6.417728,190.4915,672344.13288104,1242374.17004071
"664",3.04,76,2015-06-21,"TBRG 124",5,31,NA,"TBRG 124",11.234528,76.578685,672344.132881,1242374.17004,2239.62,"Korakundha","Korakunda tea estate residence place",2231,6.417728,190.4915,672344.13288104,1242374.17004071
"NA.12",NA,NA,NA,"TBRG 124",6,31,NA,"TBRG 124",11.234528,76.578685,672344.132881,1242374.17004,2239.62,"Korakundha","Korakunda tea estate residence place",2231,6.417728,190.4915,672344.13288104,1242374.17004071
"332",2.22,55.5,2014-07-24,"TBRG 124",7,31,NA,"TBRG 124",11.234528,76.578685,672344.132881,1242374.17004,2239.62,"Korakundha","Korakunda tea estate residence place",2231,6.417728,190.4915,672344.13288104,1242374.17004071
"256",6.12,153,2014-05-09,"TBRG 124",8,31,NA,"TBRG 124",11.234528,76.578685,672344.132881,1242374.17004,2239.62,"Korakundha","Korakunda tea estate residence place",2231,6.417728,190.4915,672344.13288104,1242374.17004071
"NA5",NA,NA,NA,"TBRG 125",1,32,NA,"TBRG 125",11.298128,76.556733,669909.741331,1249396.2093,2575.09,"North side of Kolaripetta","Hill top shola catchment",2483,14.79967,29.74488,669909.741330894,1249396.20930348
"659",8.19,188.37,2015-06-20,"TBRG 125",2,32,NA,"TBRG 125",11.298128,76.556733,669909.741331,1249396.2093,2575.09,"North side of Kolaripetta","Hill top shola catchment",2483,14.79967,29.74488,669909.741330894,1249396.20930348
"661",10.67,245.41,2015-06-22,"TBRG 125",3,32,NA,"TBRG 125",11.298128,76.556733,669909.741331,1249396.2093,2575.09,"North side of Kolaripetta","Hill top shola catchment",2483,14.79967,29.74488,669909.741330894,1249396.20930348
"662",12.64,290.72,2015-06-23,"TBRG 125",4,32,NA,"TBRG 125",11.298128,76.556733,669909.741331,1249396.2093,2575.09,"North side of Kolaripetta","Hill top shola catchment",2483,14.79967,29.74488,669909.741330894,1249396.20930348
"660",9.6,220.8,2015-06-21,"TBRG 125",5,32,NA,"TBRG 125",11.298128,76.556733,669909.741331,1249396.2093,2575.09,"North side of Kolaripetta","Hill top shola catchment",2483,14.79967,29.74488,669909.741330894,1249396.20930348
"NA.13",NA,NA,NA,"TBRG 125",6,32,NA,"TBRG 125",11.298128,76.556733,669909.741331,1249396.2093,2575.09,"North side of Kolaripetta","Hill top shola catchment",2483,14.79967,29.74488,669909.741330894,1249396.20930348
"328",11.52,264.96,2014-07-24,"TBRG 125",7,32,NA,"TBRG 125",11.298128,76.556733,669909.741331,1249396.2093,2575.09,"North side of Kolaripetta","Hill top shola catchment",2483,14.79967,29.74488,669909.741330894,1249396.20930348
"252",3.29,75.67,2014-05-09,"TBRG 125",8,32,NA,"TBRG 125",11.298128,76.556733,669909.741331,1249396.2093,2575.09,"North side of Kolaripetta","Hill top shola catchment",2483,14.79967,29.74488,669909.741330894,1249396.20930348
"NA6",NA,NA,NA,"TBRG 126",1,33,NA,"TBRG 126",11.311977,76.560309,670291.953934,1250930.13962,2249.63,"Shola chatchment North","Avalanchi power house  root",2220,26.56599,325.008,670291.953934039,1250930.1396211
"658",8.82,211.68,2015-06-20,"TBRG 126",2,33,NA,"TBRG 126",11.311977,76.560309,670291.953934,1250930.13962,2249.63,"Shola chatchment North","Avalanchi power house  root",2220,26.56599,325.008,670291.953934039,1250930.1396211
"6601",14.89,357.36,2015-06-22,"TBRG 126",3,33,NA,"TBRG 126",11.311977,76.560309,670291.953934,1250930.13962,2249.63,"Shola chatchment North","Avalanchi power house  root",2220,26.56599,325.008,670291.953934039,1250930.1396211
"6611",16.77,402.48,2015-06-23,"TBRG 126",4,33,NA,"TBRG 126",11.311977,76.560309,670291.953934,1250930.13962,2249.63,"Shola chatchment North","Avalanchi power house  root",2220,26.56599,325.008,670291.953934039,1250930.1396211
"6591",11.01,264.24,2015-06-21,"TBRG 126",5,33,NA,"TBRG 126",11.311977,76.560309,670291.953934,1250930.13962,2249.63,"Shola chatchment North","Avalanchi power house  root",2220,26.56599,325.008,670291.953934039,1250930.1396211
"NA.14",NA,NA,NA,"TBRG 126",6,33,NA,"TBRG 126",11.311977,76.560309,670291.953934,1250930.13962,2249.63,"Shola chatchment North","Avalanchi power house  root",2220,26.56599,325.008,670291.953934039,1250930.1396211
"327",10.91,261.84,2014-07-24,"TBRG 126",7,33,NA,"TBRG 126",11.311977,76.560309,670291.953934,1250930.13962,2249.63,"Shola chatchment North","Avalanchi power house  root",2220,26.56599,325.008,670291.953934039,1250930.1396211
"251",3.37,80.88,2014-05-09,"TBRG 126",8,33,NA,"TBRG 126",11.311977,76.560309,670291.953934,1250930.13962,2249.63,"Shola chatchment North","Avalanchi power house  root",2220,26.56599,325.008,670291.953934039,1250930.1396211
"NA7",NA,NA,NA,"TBRG 127",1,35,NA,"TBRG 127",11.39937,76.598954,674457.53861,1260619.76926,2262.404541,"Parsonsvelly","Next to the AWS",2243,7.4823,3.576334,674457.538610073,1260619.76926219
"133",3.91,93.84,2015-06-20,"TBRG 127",2,35,NA,"TBRG 127",11.39937,76.598954,674457.53861,1260619.76926,2262.404541,"Parsonsvelly","Next to the AWS",2243,7.4823,3.576334,674457.538610073,1260619.76926219
"135",4.48,107.52,2015-06-22,"TBRG 127",3,35,NA,"TBRG 127",11.39937,76.598954,674457.53861,1260619.76926,2262.404541,"Parsonsvelly","Next to the AWS",2243,7.4823,3.576334,674457.538610073,1260619.76926219
"136",5.11,122.64,2015-06-23,"TBRG 127",4,35,NA,"TBRG 127",11.39937,76.598954,674457.53861,1260619.76926,2262.404541,"Parsonsvelly","Next to the AWS",2243,7.4823,3.576334,674457.538610073,1260619.76926219
"134",4.67,112.08,2015-06-21,"TBRG 127",5,35,NA,"TBRG 127",11.39937,76.598954,674457.53861,1260619.76926,2262.404541,"Parsonsvelly","Next to the AWS",2243,7.4823,3.576334,674457.538610073,1260619.76926219
"NA.15",NA,NA,NA,"TBRG 127",6,35,NA,"TBRG 127",11.39937,76.598954,674457.53861,1260619.76926,2262.404541,"Parsonsvelly","Next to the AWS",2243,7.4823,3.576334,674457.538610073,1260619.76926219
"NA.21",NA,NA,NA,"TBRG 127",7,35,NA,"TBRG 127",11.39937,76.598954,674457.53861,1260619.76926,2262.404541,"Parsonsvelly","Next to the AWS",2243,7.4823,3.576334,674457.538610073,1260619.76926219
"NA.31",NA,NA,NA,"TBRG 127",8,35,NA,"TBRG 127",11.39937,76.598954,674457.53861,1260619.76926,2262.404541,"Parsonsvelly","Next to the AWS",2243,7.4823,3.576334,674457.538610073,1260619.76926219
"NA8",NA,NA,NA,"TBRG 128",1,34,NA,"TBRG 128",11.26117,76.675024,682847.304166,1245379.4193,1613.562012,"Penstorck","next to the AWS",1590,12.43987,301.3287,682847.304166132,1245379.41930048
"NA.16",NA,NA,NA,"TBRG 128",2,34,NA,"TBRG 128",11.26117,76.675024,682847.304166,1245379.4193,1613.562012,"Penstorck","next to the AWS",1590,12.43987,301.3287,682847.304166132,1245379.41930048
"NA.22",NA,NA,NA,"TBRG 128",3,34,NA,"TBRG 128",11.26117,76.675024,682847.304166,1245379.4193,1613.562012,"Penstorck","next to the AWS",1590,12.43987,301.3287,682847.304166132,1245379.41930048
"NA.32",NA,NA,NA,"TBRG 128",4,34,NA,"TBRG 128",11.26117,76.675024,682847.304166,1245379.4193,1613.562012,"Penstorck","next to the AWS",1590,12.43987,301.3287,682847.304166132,1245379.41930048
"NA.41",NA,NA,NA,"TBRG 128",5,34,NA,"TBRG 128",11.26117,76.675024,682847.304166,1245379.4193,1613.562012,"Penstorck","next to the AWS",1590,12.43987,301.3287,682847.304166132,1245379.41930048
"NA.51",NA,NA,NA,"TBRG 128",6,34,NA,"TBRG 128",11.26117,76.675024,682847.304166,1245379.4193,1613.562012,"Penstorck","next to the AWS",1590,12.43987,301.3287,682847.304166132,1245379.41930048
"NA.61",NA,NA,NA,"TBRG 128",7,34,NA,"TBRG 128",11.26117,76.675024,682847.304166,1245379.4193,1613.562012,"Penstorck","next to the AWS",1590,12.43987,301.3287,682847.304166132,1245379.41930048
"NA.71",NA,NA,NA,"TBRG 128",8,34,NA,"TBRG 128",11.26117,76.675024,682847.304166,1245379.4193,1613.562012,"Penstorck","next to the AWS",1590,12.43987,301.3287,682847.304166132,1245379.41930048
"NA9",NA,NA,NA,"TBRG 129",1,3,30,"TBRG 129",11.2715029999999,76.5517269999979,669378.848250862,1246448.30578536,2347.01,"Border of Mukurthi beyond medow","On ridge",2290,16.56694,128.2902,669378.84825063,1246448.30578536
"40",5.61,140.25,2015-06-20,"TBRG 129",2,3,30,"TBRG 129",11.2715029999999,76.5517269999979,669378.848250862,1246448.30578536,2347.01,"Border of Mukurthi beyond medow","On ridge",2290,16.56694,128.2902,669378.84825063,1246448.30578536
"425",4.82,120.5,2015-06-22,"TBRG 129",3,3,30,"TBRG 129",11.2715029999999,76.5517269999979,669378.848250862,1246448.30578536,2347.01,"Border of Mukurthi beyond medow","On ridge",2290,16.56694,128.2902,669378.84825063,1246448.30578536
"433",5.18,129.5,2015-06-23,"TBRG 129",4,3,30,"TBRG 129",11.2715029999999,76.5517269999979,669378.848250862,1246448.30578536,2347.01,"Border of Mukurthi beyond medow","On ridge",2290,16.56694,128.2902,669378.84825063,1246448.30578536
"412",5.25,131.25,2015-06-21,"TBRG 129",5,3,30,"TBRG 129",11.2715029999999,76.5517269999979,669378.848250862,1246448.30578536,2347.01,"Border of Mukurthi beyond medow","On ridge",2290,16.56694,128.2902,669378.84825063,1246448.30578536
"NA.17",NA,NA,NA,"TBRG 129",6,3,30,"TBRG 129",11.2715029999999,76.5517269999979,669378.848250862,1246448.30578536,2347.01,"Border of Mukurthi beyond medow","On ridge",2290,16.56694,128.2902,669378.84825063,1246448.30578536
"NA.23",NA,NA,NA,"TBRG 129",7,3,30,"TBRG 129",11.2715029999999,76.5517269999979,669378.848250862,1246448.30578536,2347.01,"Border of Mukurthi beyond medow","On ridge",2290,16.56694,128.2902,669378.84825063,1246448.30578536
"NA.33",NA,NA,NA,"TBRG 129",8,3,30,"TBRG 129",11.2715029999999,76.5517269999979,669378.848250862,1246448.30578536,2347.01,"Border of Mukurthi beyond medow","On ridge",2290,16.56694,128.2902,669378.84825063,1246448.30578536
"NA10",NA,NA,NA,"TBRG 130",1,6,NA,"TBRG 130",11.311977,76.560309,670291.953934,1250930.13962,2249.63,"Shola chatchment North","Avalanchi power house  root",2220,26.56599,325.008,670291.9539338,1250930.13962109
"38",9.94,248.5,2015-06-20,"TBRG 130",2,6,NA,"TBRG 130",11.311977,76.560309,670291.953934,1250930.13962,2249.63,"Shola chatchment North","Avalanchi power house  root",2220,26.56599,325.008,670291.9539338,1250930.13962109
"401",16.69,417.25,2015-06-22,"TBRG 130",3,6,NA,"TBRG 130",11.311977,76.560309,670291.953934,1250930.13962,2249.63,"Shola chatchment North","Avalanchi power house  root",2220,26.56599,325.008,670291.9539338,1250930.13962109
"413",18.31,457.75,2015-06-23,"TBRG 130",4,6,NA,"TBRG 130",11.311977,76.560309,670291.953934,1250930.13962,2249.63,"Shola chatchment North","Avalanchi power house  root",2220,26.56599,325.008,670291.9539338,1250930.13962109
"392",12.38,309.5,2015-06-21,"TBRG 130",5,6,NA,"TBRG 130",11.311977,76.560309,670291.953934,1250930.13962,2249.63,"Shola chatchment North","Avalanchi power house  root",2220,26.56599,325.008,670291.9539338,1250930.13962109
"NA.18",NA,NA,NA,"TBRG 130",6,6,NA,"TBRG 130",11.311977,76.560309,670291.953934,1250930.13962,2249.63,"Shola chatchment North","Avalanchi power house  root",2220,26.56599,325.008,670291.9539338,1250930.13962109
"NA.24",NA,NA,NA,"TBRG 130",7,6,NA,"TBRG 130",11.311977,76.560309,670291.953934,1250930.13962,2249.63,"Shola chatchment North","Avalanchi power house  root",2220,26.56599,325.008,670291.9539338,1250930.13962109
"NA.34",NA,NA,NA,"TBRG 130",8,6,NA,"TBRG 130",11.311977,76.560309,670291.953934,1250930.13962,2249.63,"Shola chatchment North","Avalanchi power house  root",2220,26.56599,325.008,670291.9539338,1250930.13962109
"NA11",NA,NA,NA,"TBRG 131",1,4,29,"TBRG 131",11.2983559999999,76.5717639999977,671550.546143604,1249430.20782142,2327.49,"Overlooking Avalanche generation station","Just below ridge",2293,28.00674,102.0023,671550.546143356,1249430.20782141
"50",3.14,69.08,2015-06-20,"TBRG 131",2,4,29,"TBRG 131",11.2983559999999,76.5717639999977,671550.546143604,1249430.20782142,2327.49,"Overlooking Avalanche generation station","Just below ridge",2293,28.00674,102.0023,671550.546143356,1249430.20782141
"52",3.37,74.14,2015-06-22,"TBRG 131",3,4,29,"TBRG 131",11.2983559999999,76.5717639999977,671550.546143604,1249430.20782142,2327.49,"Overlooking Avalanche generation station","Just below ridge",2293,28.00674,102.0023,671550.546143356,1249430.20782141
"53",5.58,122.76,2015-06-23,"TBRG 131",4,4,29,"TBRG 131",11.2983559999999,76.5717639999977,671550.546143604,1249430.20782142,2327.49,"Overlooking Avalanche generation station","Just below ridge",2293,28.00674,102.0023,671550.546143356,1249430.20782141
"51",2.35,51.7,2015-06-21,"TBRG 131",5,4,29,"TBRG 131",11.2983559999999,76.5717639999977,671550.546143604,1249430.20782142,2327.49,"Overlooking Avalanche generation station","Just below ridge",2293,28.00674,102.0023,671550.546143356,1249430.20782141
"NA.19",NA,NA,NA,"TBRG 131",6,4,29,"TBRG 131",11.2983559999999,76.5717639999977,671550.546143604,1249430.20782142,2327.49,"Overlooking Avalanche generation station","Just below ridge",2293,28.00674,102.0023,671550.546143356,1249430.20782141
"NA.25",NA,NA,NA,"TBRG 131",7,4,29,"TBRG 131",11.2983559999999,76.5717639999977,671550.546143604,1249430.20782142,2327.49,"Overlooking Avalanche generation station","Just below ridge",2293,28.00674,102.0023,671550.546143356,1249430.20782141
"NA.35",NA,NA,NA,"TBRG 131",8,4,29,"TBRG 131",11.2983559999999,76.5717639999977,671550.546143604,1249430.20782142,2327.49,"Overlooking Avalanche generation station","Just below ridge",2293,28.00674,102.0023,671550.546143356,1249430.20782141
"NA12",NA,NA,NA,"TBRG 132",1,5,NA,"TBRG 132",11.298128,76.556733,669909.741331,1249396.2093,2575.09,"North side of Kolaripetta","Hill top shola catchment",2483,14.79967,29.74488,669909.741330656,1249396.20930348
"452",9.5,209,2015-06-20,"TBRG 132",2,5,NA,"TBRG 132",11.298128,76.556733,669909.741331,1249396.2093,2575.09,"North side of Kolaripetta","Hill top shola catchment",2483,14.79967,29.74488,669909.741330656,1249396.20930348
"47",12.34,271.48,2015-06-22,"TBRG 132",3,5,NA,"TBRG 132",11.298128,76.556733,669909.741331,1249396.2093,2575.09,"North side of Kolaripetta","Hill top shola catchment",2483,14.79967,29.74488,669909.741330656,1249396.20930348
"483",14.14,311.08,2015-06-23,"TBRG 132",4,5,NA,"TBRG 132",11.298128,76.556733,669909.741331,1249396.2093,2575.09,"North side of Kolaripetta","Hill top shola catchment",2483,14.79967,29.74488,669909.741330656,1249396.20930348
"46",11.36,249.92,2015-06-21,"TBRG 132",5,5,NA,"TBRG 132",11.298128,76.556733,669909.741331,1249396.2093,2575.09,"North side of Kolaripetta","Hill top shola catchment",2483,14.79967,29.74488,669909.741330656,1249396.20930348
"NA.110",NA,NA,NA,"TBRG 132",6,5,NA,"TBRG 132",11.298128,76.556733,669909.741331,1249396.2093,2575.09,"North side of Kolaripetta","Hill top shola catchment",2483,14.79967,29.74488,669909.741330656,1249396.20930348
"NA.26",NA,NA,NA,"TBRG 132",7,5,NA,"TBRG 132",11.298128,76.556733,669909.741331,1249396.2093,2575.09,"North side of Kolaripetta","Hill top shola catchment",2483,14.79967,29.74488,669909.741330656,1249396.20930348
"NA.36",NA,NA,NA,"TBRG 132",8,5,NA,"TBRG 132",11.298128,76.556733,669909.741331,1249396.2093,2575.09,"North side of Kolaripetta","Hill top shola catchment",2483,14.79967,29.74488,669909.741330656,1249396.20930348
"NA13",NA,NA,NA,"TBRG 133",1,36,NA,"TBRG 133",11.267255,76.57699,672139.602857,1245993.151945,2301.899414,"Deverbetta","Near wattle v notch",2320,13.23784,187.0013,672139.602857421,1245993.15194539
"8",4.04,96.96,2015-06-20,"TBRG 133",2,36,NA,"TBRG 133",11.267255,76.57699,672139.602857,1245993.151945,2301.899414,"Deverbetta","Near wattle v notch",2320,13.23784,187.0013,672139.602857421,1245993.15194539
"10",2.95,70.8,2015-06-22,"TBRG 133",3,36,NA,"TBRG 133",11.267255,76.57699,672139.602857,1245993.151945,2301.899414,"Deverbetta","Near wattle v notch",2320,13.23784,187.0013,672139.602857421,1245993.15194539
"11",2.98,71.52,2015-06-23,"TBRG 133",4,36,NA,"TBRG 133",11.267255,76.57699,672139.602857,1245993.151945,2301.899414,"Deverbetta","Near wattle v notch",2320,13.23784,187.0013,672139.602857421,1245993.15194539
"9",3.45,82.8,2015-06-21,"TBRG 133",5,36,NA,"TBRG 133",11.267255,76.57699,672139.602857,1245993.151945,2301.899414,"Deverbetta","Near wattle v notch",2320,13.23784,187.0013,672139.602857421,1245993.15194539
"NA.111",NA,NA,NA,"TBRG 133",6,36,NA,"TBRG 133",11.267255,76.57699,672139.602857,1245993.151945,2301.899414,"Deverbetta","Near wattle v notch",2320,13.23784,187.0013,672139.602857421,1245993.15194539
"NA.27",NA,NA,NA,"TBRG 133",7,36,NA,"TBRG 133",11.267255,76.57699,672139.602857,1245993.151945,2301.899414,"Deverbetta","Near wattle v notch",2320,13.23784,187.0013,672139.602857421,1245993.15194539
"NA.37",NA,NA,NA,"TBRG 133",8,36,NA,"TBRG 133",11.267255,76.57699,672139.602857,1245993.151945,2301.899414,"Deverbetta","Near wattle v notch",2320,13.23784,187.0013,672139.602857421,1245993.15194539
"NA14",NA,NA,NA,"TBRG 134",1,2,28,"TBRG 134",11.2718329999999,76.5704249999977,671420.106396372,1246495.68183352,2362.19,"Overlooking Lakdihalla temple","On ridge",2345,2.345711,143.1301,671420.106396125,1246495.6818335
"NA.112",NA,NA,NA,"TBRG 134",2,2,28,"TBRG 134",11.2718329999999,76.5704249999977,671420.106396372,1246495.68183352,2362.19,"Overlooking Lakdihalla temple","On ridge",2345,2.345711,143.1301,671420.106396125,1246495.6818335
"NA.28",NA,NA,NA,"TBRG 134",3,2,28,"TBRG 134",11.2718329999999,76.5704249999977,671420.106396372,1246495.68183352,2362.19,"Overlooking Lakdihalla temple","On ridge",2345,2.345711,143.1301,671420.106396125,1246495.6818335
"NA.38",NA,NA,NA,"TBRG 134",4,2,28,"TBRG 134",11.2718329999999,76.5704249999977,671420.106396372,1246495.68183352,2362.19,"Overlooking Lakdihalla temple","On ridge",2345,2.345711,143.1301,671420.106396125,1246495.6818335
"NA.42",NA,NA,NA,"TBRG 134",5,2,28,"TBRG 134",11.2718329999999,76.5704249999977,671420.106396372,1246495.68183352,2362.19,"Overlooking Lakdihalla temple","On ridge",2345,2.345711,143.1301,671420.106396125,1246495.6818335
"NA.52",NA,NA,NA,"TBRG 134",6,2,28,"TBRG 134",11.2718329999999,76.5704249999977,671420.106396372,1246495.68183352,2362.19,"Overlooking Lakdihalla temple","On ridge",2345,2.345711,143.1301,671420.106396125,1246495.6818335
"NA.62",NA,NA,NA,"TBRG 134",7,2,28,"TBRG 134",11.2718329999999,76.5704249999977,671420.106396372,1246495.68183352,2362.19,"Overlooking Lakdihalla temple","On ridge",2345,2.345711,143.1301,671420.106396125,1246495.6818335
"NA.72",NA,NA,NA,"TBRG 134",8,2,28,"TBRG 134",11.2718329999999,76.5704249999977,671420.106396372,1246495.68183352,2362.19,"Overlooking Lakdihalla temple","On ridge",2345,2.345711,143.1301,671420.106396125,1246495.6818335
